State,Year,Population,Fdeaths,FCrude Rate,FAge Adjusted Rate,NFDeaths,NFCrude Rate,NFAge Adjusted Rate
Alabama,2001,4467634,387,8.66230,8.56569,125,2.79790,2.81160
Alabama,2002,4480089,381,8.50430,8.45582,133,2.96869,3.01729
Alabama,2003,4503491,399,8.85979,8.71749,122,2.70901,2.73791
Alabama,2004,4530729,375,8.27681,8.02271,166,3.66387,3.71584
Alabama,2005,4569805,369,8.07474,7.84921,166,3.63254,3.68095
Alabama,2006,4628981,400,8.64121,8.44651,180,3.88854,3.92665
Alabama,2007,4672840,396,8.47450,8.17926,196,4.19445,4.24140
Alabama,2008,4718206,424,8.98647,8.73314,180,3.81501,3.83421
Alabama,2009,4757938,479,10.06739,9.65329,194,4.07740,4.10685
Alabama,2010,4779736,454,9.49843,9.23879,225,4.70737,4.71454
Alabama,2011,4802740,452,9.41129,8.97016,202,4.20593,4.23973
Alabama,2012,4822023,500,10.36909,10.01996,224,4.64535,4.70331
Alabama,2013,4833722,504,10.42675,9.89351,217,4.48929,4.50262
Alabama,2014,4849377,479,9.87756,9.54843,236,4.86660,4.93965
Alabama,2015,4858979,528,10.86648,10.39175,222,4.56886,4.51216
Alabama,2016,4863300,550,11.30919,10.72902,238,4.89380,4.91318
Alaska,2001,633714,65,10.25699,10.30597,37,5.83860,5.61438
Alaska,2002,642337,92,14.32270,14.71792,40,6.22726,6.07044
Alaska,2003,648414,79,12.18357,13.30050,45,6.94001,7.01498
Alaska,2004,659286,94,14.25785,14.15995,61,9.25243,8.89135
Alaska,2005,666946,87,13.04453,13.42309,44,6.59724,6.49211
Alaska,2006,675302,79,11.69847,12.22867,56,8.29259,7.73069
Alaska,2007,680300,94,13.81743,14.53644,55,8.08467,8.00057
Alaska,2008,687455,116,16.87383,17.21076,53,7.70960,7.11250
Alaska,2009,698895,79,11.30356,11.15538,64,9.15731,8.86155
Alaska,2010,710231,107,15.06552,15.26540,57,8.02556,7.53497
Alaska,2011,722718,99,13.69829,13.95301,44,6.08813,6.06746
Alaska,2012,731449,98,13.39806,13.32558,70,9.57005,9.70786
Alaska,2013,735132,120,16.32360,16.71218,51,6.93753,6.40722
Alaska,2014,736732,115,15.60948,15.33667,52,7.05820,6.67818
Alaska,2015,738432,123,16.65692,16.45500,78,10.56292,10.43720
Alaska,2016,741894,113,15.23129,14.82818,80,10.78321,10.91743
Arizona,2001,5273477,468,8.87460,8.99557,299,5.66988,5.75688
Arizona,2002,5396255,559,10.35904,10.46823,327,6.05976,6.15820
Arizona,2003,5510364,486,8.81974,8.92098,354,6.42426,6.60875
Arizona,2004,5652404,509,9.00502,9.09635,371,6.56358,6.74167
Arizona,2005,5839077,514,8.80276,8.86508,431,7.38130,7.50861
Arizona,2006,6029141,563,9.33798,9.28735,416,6.89982,7.05247
Arizona,2007,6167681,552,8.94988,8.97201,464,7.52309,7.56662
Arizona,2008,6280362,540,8.59823,8.49197,432,6.87858,7.00038
Arizona,2009,6343154,605,9.53784,9.42409,455,7.17309,7.26637
Arizona,2010,6392017,620,9.69960,9.55340,473,7.39986,7.45270
Arizona,2011,6482505,674,10.39722,10.09938,486,7.49710,7.68661
Arizona,2012,6553255,663,10.11711,9.68298,493,7.52298,7.61761
Arizona,2013,6626624,655,9.88437,9.73540,508,7.66605,7.78321
Arizona,2014,6731484,683,10.14635,9.69032,561,8.33397,8.31346
Arizona,2015,6828065,707,10.35432,9.81992,569,8.33325,8.37264
Arizona,2016,6931071,755,10.89298,10.17039,516,7.44474,7.48529
Arkansas,2001,2691571,274,10.17993,10.11843,108,4.01253,4.14441
Arkansas,2002,2705927,257,9.49767,9.42890,120,4.43471,4.55083
Arkansas,2003,2724816,258,9.46853,9.27653,116,4.25717,4.34984
Arkansas,2004,2749686,232,8.43733,8.26586,129,4.69144,4.74184
Arkansas,2005,2781097,262,9.42074,9.26273,138,4.96207,5.08818
Arkansas,2006,2821761,247,8.75340,8.66358,129,4.57161,4.62226
Arkansas,2007,2848650,244,8.56546,8.44256,158,5.54649,5.77320
Arkansas,2008,2874554,275,9.56670,9.36336,172,5.98354,6.11197
Arkansas,2009,2896843,285,9.83830,9.66597,137,4.72929,4.79644
Arkansas,2010,2915918,266,9.12234,9.01486,181,6.20731,6.42966
Arkansas,2011,2937979,299,10.17706,10.22185,163,5.54803,5.76697
Arkansas,2012,2949131,307,10.40985,10.11836,178,6.03568,6.15207
Arkansas,2013,2959373,322,10.88068,10.58134,194,6.55544,6.75966
Arkansas,2014,2966369,323,10.88873,10.43892,192,6.47256,6.85905
Arkansas,2015,2978204,342,11.48343,10.84250,235,7.89066,8.25899
Arkansas,2016,2988248,331,11.07672,10.42082,224,7.49603,7.79740
California,2001,34479458,1450,4.20540,4.46797,1381,4.00528,4.05624
California,2002,34871843,1490,4.27279,4.49992,1738,4.98396,5.07856
California,2003,35253159,1505,4.26912,4.46530,1892,5.36689,5.44256
California,2004,35574576,1366,3.83982,4.00442,2002,5.62761,5.65453
California,2005,35827943,1329,3.70940,3.81773,1877,5.23893,5.25704
California,2006,36021202,1319,3.66173,3.72858,2015,5.59393,5.57748
California,2007,36250311,1422,3.92272,3.96432,2180,6.01374,5.97420
California,2008,36604337,1478,4.03777,4.05569,2297,6.27521,6.23307
California,2009,36961229,1519,4.10971,4.08805,2304,6.23356,6.12346
California,2010,37253956,1492,4.00494,3.94614,2421,6.49864,6.33852
California,2011,37691912,1564,4.14943,4.08293,2432,6.45231,6.34862
California,2012,38041430,1549,4.07188,4.01252,2344,6.16170,6.02971
California,2013,38332521,1571,4.09835,3.97364,2454,6.40187,6.23460
California,2014,38802500,1582,4.07706,3.91390,2632,6.78307,6.60689
California,2015,39144818,1559,3.98265,3.78641,2608,6.66244,6.47995
California,2016,39250017,1595,4.06369,3.88989,2699,6.87643,6.63153
Colorado,2001,4425687,390,8.81219,9.09962,332,7.50166,7.39073
Colorado,2002,4490406,380,8.46249,8.53722,347,7.72759,7.65587
Colorado,2003,4528732,363,8.01549,8.21138,365,8.05965,7.89484
Colorado,2004,4575013,402,8.78686,8.81442,395,8.63386,8.41292
Colorado,2005,4631888,396,8.54943,8.67805,404,8.72215,8.57396
Colorado,2006,4720423,371,7.85947,7.81897,359,7.60525,7.50575
Colorado,2007,4803868,396,8.24336,8.20893,415,8.63887,8.42941
Colorado,2008,4889730,387,7.91455,7.88241,416,8.50763,8.24966
Colorado,2009,4972195,454,9.13078,9.04858,487,9.79447,9.69490
Colorado,2010,5029196,427,8.49042,8.27275,438,8.70915,8.49878
Colorado,2011,5116796,443,8.65776,8.40915,470,9.18544,9.09539
Colorado,2012,5187582,533,10.27454,9.87073,519,10.00466,9.78797
Colorado,2013,5268367,489,9.28181,9.03949,518,9.83227,9.51603
Colorado,2014,5355866,539,10.06373,9.86364,544,10.15709,9.98825
Colorado,2015,5456574,541,9.91465,9.69474,552,10.11624,9.78224
Colorado,2016,5540545,613,11.06389,10.69891,555,10.01707,9.76213
Connecticut,2001,3432835,115,3.35000,3.24840,168,4.89391,4.87287
Connecticut,2002,3458749,85,2.45754,2.36960,175,5.05963,4.92781
Connecticut,2003,3484336,89,2.55429,2.42919,183,5.25208,5.11240
Connecticut,2004,3496094,105,3.00335,2.87640,189,5.40603,5.27536
Connecticut,2005,3506956,112,3.19365,3.01166,183,5.21820,5.10465
Connecticut,2006,3517460,79,2.24594,2.12836,213,6.05551,5.82809
Connecticut,2007,3527270,78,2.21134,2.02099,193,5.47165,5.26724
Connecticut,2008,3545579,109,3.07425,2.84525,206,5.81005,5.64938
Connecticut,2009,3561807,93,2.61103,2.46919,223,6.26087,6.04510
Connecticut,2010,3574097,110,3.07770,2.92170,243,6.79892,6.45958
Connecticut,2011,3580709,111,3.09994,2.81889,259,7.23320,7.00793
Connecticut,2012,3590347,111,3.09162,2.90848,257,7.15808,6.95545
Connecticut,2013,3596080,92,2.55834,2.43515,238,6.61832,6.28703
Connecticut,2014,3596677,125,3.47543,3.13172,254,7.06207,6.62916
Connecticut,2015,3590886,104,2.89622,2.73601,280,7.79752,7.14042
Connecticut,2016,3576452,110,3.07567,2.73901,287,8.02471,7.38287
Delaware,2001,795699,53,6.66081,6.62081,55,6.91216,6.85709
Delaware,2002,806169,38,4.71365,4.63059,36,4.46556,4.48837
Delaware,2003,818003,42,5.13446,5.07649,52,6.35694,6.27396
Delaware,2004,830803,45,5.41645,5.20667,48,5.77754,5.79526
Delaware,2005,845150,42,4.96953,4.88285,41,4.85121,4.78869
Delaware,2006,859268,42,4.88788,4.66687,49,5.70253,5.64965
Delaware,2007,871749,46,5.27675,4.97357,49,5.62088,5.61776
Delaware,2008,883874,41,4.63867,4.40953,68,7.69340,7.48900
Delaware,2009,891730,38,4.26138,4.33540,69,7.73777,7.37029
Delaware,2010,897934,43,4.78877,4.67343,63,7.01611,6.68759
Delaware,2011,907135,46,5.07091,4.75828,59,6.50399,6.25879
Delaware,2012,917092,46,5.01585,4.81408,79,8.61418,8.39168
Delaware,2013,925749,60,6.48124,5.95228,62,6.69728,6.53539
Delaware,2014,935614,59,6.30602,5.99068,67,7.16107,7.17085
Delaware,2015,945934,55,5.81436,5.53452,67,7.08295,7.02464
Delaware,2016,952065,65,6.82726,5.84624,54,5.67188,5.61479
Florida,2001,16356966,1197,7.31798,6.73577,1117,6.82889,6.71482
Florida,2002,16689370,1205,7.22016,6.71875,1133,6.78875,6.61360
Florida,2003,17004085,1242,7.30413,6.76278,1055,6.20439,6.06644
Florida,2004,17415318,1197,6.87326,6.35373,1192,6.84455,6.64764
Florida,2005,17842038,1163,6.51831,5.97788,1184,6.63601,6.49725
Florida,2006,18166990,1227,6.75401,6.13810,1213,6.67695,6.43344
Florida,2007,18367842,1284,6.99048,6.38046,1303,7.09392,6.82857
Florida,2008,18527305,1397,7.54022,6.86262,1343,7.24876,6.99912
Florida,2009,18652644,1472,7.89164,7.13522,1386,7.43058,7.22445
Florida,2010,18801310,1454,7.73350,6.93945,1335,7.10057,6.75401
Florida,2011,19057542,1490,7.81843,7.01457,1390,7.29370,6.92078
Florida,2012,19317568,1550,8.02378,7.13579,1452,7.51647,7.21211
Florida,2013,19552860,1566,8.00906,7.13189,1362,6.96573,6.65208
Florida,2014,19893297,1538,7.73125,6.82268,1497,7.52515,7.07467
Florida,2015,20271272,1630,8.04094,7.06913,1575,7.76962,7.34693
Florida,2016,20612439,1672,8.11161,7.09855,1471,7.13647,6.85089
Georgia,2001,8377038,626,7.47281,7.77207,309,3.68865,3.62265
Georgia,2002,8508256,614,7.21652,7.59327,295,3.46722,3.46921
Georgia,2003,8622793,656,7.60774,7.96984,316,3.66471,3.63784
Georgia,2004,8769252,605,6.89911,7.14809,368,4.19648,4.15983
Georgia,2005,8925922,590,6.60996,6.89246,334,3.74191,3.66571
Georgia,2006,9155813,600,6.55321,6.75534,323,3.52781,3.52845
Georgia,2007,9349988,641,6.85562,7.09583,356,3.80749,3.78377
Georgia,2008,9504843,616,6.48091,6.56546,365,3.84015,3.80827
Georgia,2009,9620846,743,7.72281,7.85756,391,4.06409,3.99927
Georgia,2010,9687653,718,7.41150,7.46583,415,4.28380,4.18876
Georgia,2011,9815210,742,7.55970,7.53334,415,4.22813,4.16974
Georgia,2012,9919945,750,7.56053,7.48420,418,4.21373,4.17292
Georgia,2013,9992167,747,7.47586,7.41564,465,4.65365,4.57303
Georgia,2014,10097343,841,8.32892,8.20561,454,4.49623,4.46040
Georgia,2015,10214860,823,8.05689,7.94215,494,4.83609,4.72447
Georgia,2016,10310371,871,8.44780,8.14729,538,5.21805,5.19697
Hawaii,2001,1225948,31,2.52866,2.46780,105,8.56480,8.41317
Hawaii,2002,1239613,21,1.69408,1.58956,99,7.98636,7.89452
Hawaii,2003,1251154,24,1.91823,1.83731,107,8.55210,8.32706
Hawaii,2004,1273569,31,2.43410,2.31282,85,6.67416,6.54076
Hawaii,2005,1292729,22,1.70183,1.63127,85,6.57524,6.47252
Hawaii,2006,1309731,21,1.60338,1.51752,99,7.55880,7.44358
Hawaii,2007,1315675,27,2.05218,1.82035,106,8.05670,7.70934
Hawaii,2008,1332213,28,2.10177,2.00115,105,7.88162,7.75343
Hawaii,2009,1346717,36,2.67317,2.60276,139,10.32140,9.92939
Hawaii,2010,1360301,37,2.71999,2.56456,170,12.49723,12.47111
Hawaii,2011,1374810,42,3.05497,2.94890,139,10.11049,9.82209
Hawaii,2012,1392313,43,3.08839,2.79496,147,10.55797,10.26919
Hawaii,2013,1404054,28,1.99423,1.87123,143,10.18479,9.96426
Hawaii,2014,1419561,33,2.32466,2.11352,171,12.04598,11.65891
Hawaii,2015,1431603,44,3.07348,2.78317,157,10.96673,10.77075
Hawaii,2016,1428557,37,2.59003,2.42069,137,9.59010,9.65177
Idaho,2001,1319962,136,10.30333,10.61723,74,5.60622,5.70608
Idaho,2002,1340372,137,10.22104,10.53558,65,4.84940,4.99004
Idaho,2003,1363380,137,10.04856,10.36372,80,5.86777,6.03477
Idaho,2004,1391802,151,10.84924,11.07125,85,6.10719,6.47560
Idaho,2005,1428241,160,11.20259,11.56612,68,4.76110,4.90036
Idaho,2006,1468669,145,9.87288,10.30630,77,5.24284,5.47728
Idaho,2007,1505105,147,9.76676,9.99118,76,5.04948,5.05260
Idaho,2008,1534320,149,9.71114,9.78366,103,6.71307,6.90477
Idaho,2009,1554439,176,11.32241,11.56167,128,8.23448,8.69199
Idaho,2010,1567582,182,11.61024,11.72606,108,6.88959,7.08628
Idaho,2011,1584985,167,10.53638,10.74325,114,7.19250,7.46129
Idaho,2012,1595728,176,11.02945,11.05178,121,7.58275,7.91559
Idaho,2013,1612136,200,12.40590,12.38084,108,6.69919,6.79792
Idaho,2014,1634464,182,11.13515,11.08542,138,8.44313,8.94009
Idaho,2015,1654930,215,12.99149,12.84396,144,8.70127,9.28432
Idaho,2016,1683140,215,12.77374,12.83115,136,8.08014,8.55010
Illinois,2001,12488445,505,4.04374,4.09073,634,5.07669,5.08485
Illinois,2002,12525556,466,3.72039,3.73793,679,5.42092,5.42993
Illinois,2003,12556006,404,3.21758,3.21150,607,4.83434,4.82351
Illinois,2004,12589773,387,3.07392,3.03948,641,5.09143,5.07839
Illinois,2005,12609903,424,3.36244,3.36666,662,5.24984,5.22042
Illinois,2006,12643955,372,2.94212,2.89801,638,5.04589,5.00074
Illinois,2007,12695866,423,3.33179,3.26765,685,5.39546,5.33883
Illinois,2008,12747038,438,3.43609,3.37087,760,5.96217,5.88247
Illinois,2009,12796778,402,3.14142,3.04313,775,6.05621,6.00950
Illinois,2010,12830632,442,3.44488,3.33899,736,5.73627,5.62181
Illinois,2011,12869257,461,3.58218,3.47967,765,5.94440,5.82725
Illinois,2012,12875255,490,3.80575,3.66966,802,6.22900,6.15845
Illinois,2013,12882135,496,3.85029,3.64477,825,6.40422,6.27722
Illinois,2014,12880580,533,4.13801,3.95762,865,6.71554,6.49502
Illinois,2015,12859995,495,3.84915,3.67275,868,6.74961,6.61767
Illinois,2016,12801539,506,3.95265,3.71944,909,7.10071,7.00395
Indiana,2001,6127760,411,6.70718,6.71449,304,4.96103,4.98225
Indiana,2002,6155967,448,7.27749,7.26775,295,4.79210,4.82823
Indiana,2003,6196638,418,6.74559,6.74859,318,5.13182,5.15553
Indiana,2004,6233007,385,6.17679,6.17756,319,5.11791,5.18751
Indiana,2005,6278616,416,6.62566,6.55685,329,5.24001,5.27453
Indiana,2006,6332669,442,6.97968,6.87719,382,6.03221,6.10103
Indiana,2007,6379599,392,6.14459,6.08902,398,6.23864,6.25822
Indiana,2008,6424806,450,7.00410,6.88707,359,5.58772,5.69590
Indiana,2009,6459325,458,7.09052,6.92771,370,5.72815,5.82930
Indiana,2010,6483802,455,7.01749,6.78752,409,6.30803,6.24754
Indiana,2011,6516922,411,6.30666,6.14047,470,7.21199,7.35739
Indiana,2012,6537334,513,7.84724,7.65017,427,6.53171,6.57898
Indiana,2013,6570902,523,7.95933,7.76955,421,6.40704,6.48569
Indiana,2014,6596855,528,8.00381,7.82678,420,6.36667,6.46326
Indiana,2015,6619680,517,7.81005,7.59560,443,6.69217,6.80531
Indiana,2016,6633053,591,8.90992,8.53585,443,6.67867,6.83698
Iowa,2001,2931997,157,5.35471,5.20266,147,5.01365,5.01278
Iowa,2002,2934234,157,5.35063,5.26691,157,5.35063,5.39660
Iowa,2003,2941999,178,6.05031,5.88553,174,5.91435,5.96032
Iowa,2004,2953635,155,5.24777,5.06678,188,6.36504,6.44596
Iowa,2005,2964454,170,5.73461,5.61421,163,5.49848,5.55210
Iowa,2006,2982644,149,4.99557,4.83176,185,6.20255,6.32171
Iowa,2007,2999212,133,4.43450,4.12461,189,6.30166,6.49496
Iowa,2008,3016734,180,5.96672,5.75438,200,6.62969,6.86237
Iowa,2009,3032870,160,5.27553,5.11995,201,6.62739,6.73433
Iowa,2010,3046355,177,5.81022,5.61080,195,6.40109,6.47167
Iowa,2011,3062309,185,6.04119,5.94096,237,7.73926,7.97208
Iowa,2012,3074186,175,5.69256,5.69043,208,6.76602,6.98487
Iowa,2013,3090416,221,7.15114,6.88074,226,7.31293,7.54606
Iowa,2014,3107126,194,6.24371,5.96173,213,6.85521,6.96131
Iowa,2015,3123899,193,6.17818,5.84868,240,7.68271,8.02761
Iowa,2016,3134693,228,7.27344,7.21898,223,7.11393,7.38969
Kansas,2001,2702162,160,5.92118,5.94266,133,4.92198,4.97089
Kansas,2002,2713535,184,6.78082,6.67935,161,5.93322,5.99173
Kansas,2003,2723004,211,7.74880,7.66660,136,4.99448,5.10861
Kansas,2004,2734373,204,7.46058,7.46291,166,6.07086,6.20013
Kansas,2005,2745299,188,6.84807,6.79524,174,6.33811,6.53460
Kansas,2006,2762931,211,7.63682,7.68464,168,6.08050,6.18133
Kansas,2007,2783785,213,7.65145,7.52028,169,6.07087,6.17110
Kansas,2008,2808076,185,6.58814,6.46619,152,5.41296,5.64997
Kansas,2009,2832704,200,7.06039,7.06843,182,6.42496,6.55406
Kansas,2010,2853118,210,7.36037,7.30229,191,6.69443,6.64741
Kansas,2011,2871238,233,8.11497,7.99553,161,5.60734,5.77552
Kansas,2012,2885905,297,10.29140,10.23862,205,7.10349,7.20460
Kansas,2013,2893957,241,8.32770,8.19111,184,6.35808,6.50705
Kansas,2014,2904021,238,8.19553,8.15531,217,7.47240,7.59247
Kansas,2015,2911641,224,7.69326,7.57268,253,8.68926,8.67980
Kansas,2016,2907289,257,8.83985,8.79271,257,8.83985,9.13635
Kentucky,2001,4068132,331,8.13641,8.01721,164,4.03133,3.99138
Kentucky,2002,4089875,364,8.90003,8.76722,176,4.30331,4.26953
Kentucky,2003,4117170,400,9.71541,9.56400,167,4.05618,3.99592
Kentucky,2004,4146101,377,9.09288,8.91805,183,4.41379,4.35894
Kentucky,2005,4182742,373,8.91760,8.74191,193,4.61420,4.62929
Kentucky,2006,4219239,383,9.07747,8.92988,239,5.66453,5.64764
Kentucky,2007,4256672,422,9.91385,9.75243,227,5.33280,5.37773
Kentucky,2008,4289878,394,9.18441,8.93648,218,5.08173,5.06711
Kentucky,2009,4317074,403,9.33503,9.11234,189,4.37797,4.35886
Kentucky,2010,4339367,404,9.31011,8.92612,227,5.23118,5.23548
Kentucky,2011,4369356,453,10.36766,10.07734,222,5.08084,5.07723
Kentucky,2012,4380415,469,10.70675,10.33406,255,5.82137,5.88612
Kentucky,2013,4395295,453,10.30648,9.73247,248,5.64240,5.77228
Kentucky,2014,4413457,470,10.64925,10.09401,258,5.84576,5.86641
Kentucky,2015,4425092,499,11.27660,10.72995,277,6.25976,6.33433
Kentucky,2016,4436974,495,11.15625,10.82267,261,5.88239,5.94812
Louisiana,2001,4477875,352,7.86087,8.00455,141,3.14882,3.20446
Louisiana,2002,4497267,349,7.76027,7.83816,150,3.33536,3.38805
Louisiana,2003,4521042,316,6.98954,7.04844,145,3.20723,3.26226
Louisiana,2004,4552238,371,8.14984,8.22711,166,3.64656,3.67929
Louisiana,2005,4576628,348,7.60385,7.59673,157,3.43047,3.39603
Louisiana,2006,4302665,331,7.69291,7.69010,161,3.74187,3.78777
Louisiana,2007,4375581,335,7.65613,7.61668,187,4.27372,4.30992
Louisiana,2008,4435586,351,7.91327,7.78650,181,4.08063,4.22592
Louisiana,2009,4491648,328,7.30244,7.23456,162,3.60669,3.62214
Louisiana,2010,4533372,385,8.49257,8.55809,172,3.79409,3.75096
Louisiana,2011,4574836,377,8.24073,8.20144,196,4.28431,4.31952
Louisiana,2012,4601893,375,8.14882,8.17275,192,4.17220,4.24500
Louisiana,2013,4625470,408,8.82073,8.66673,175,3.78340,3.68847
Louisiana,2014,4649676,444,9.54905,9.23303,235,5.05412,5.08883
Louisiana,2015,4670724,468,10.01986,9.78355,254,5.43813,5.43262
Louisiana,2016,4681666,440,9.39836,9.14513,237,5.06230,5.02692
Maine,2001,1285692,86,6.68900,6.29475,75,5.83343,5.80084
Maine,2002,1295960,79,6.09587,5.84487,87,6.71317,6.65146
Maine,2003,1306513,71,5.43431,5.17621,66,5.05161,4.79686
Maine,2004,1313688,97,7.38379,7.01156,74,5.63300,5.41763
Maine,2005,1318787,100,7.58273,7.12191,75,5.68704,5.30405
Maine,2006,1323619,87,6.57289,5.92247,71,5.36408,5.13274
Maine,2007,1327040,90,6.78201,6.25629,101,7.61092,7.37308
Maine,2008,1330509,103,7.74140,6.98956,78,5.86242,5.73751
Maine,2009,1329590,106,7.97238,7.48185,91,6.84422,6.50136
Maine,2010,1328361,95,7.15167,6.54676,91,6.85055,6.60434
Maine,2011,1328188,113,8.50783,7.66137,122,9.18545,8.96735
Maine,2012,1329192,112,8.42617,7.54675,97,7.29767,6.99902
Maine,2013,1328302,137,10.31392,9.52118,108,8.13068,7.92898
Maine,2014,1330089,116,8.72122,8.00194,104,7.81903,7.67075
Maine,2015,1329328,128,9.62893,8.57518,107,8.04918,7.43490
Maine,2016,1331479,112,8.41170,7.49943,114,8.56191,8.39763
Maryland,2001,5374691,220,4.09326,4.11445,234,4.35374,4.31650
Maryland,2002,5440389,233,4.28278,4.34598,244,4.48497,4.43355
Maryland,2003,5496269,239,4.34840,4.40588,252,4.58493,4.53595
Maryland,2004,5546935,250,4.50699,4.44495,250,4.50699,4.39806
Maryland,2005,5592379,220,3.93393,3.91711,252,4.50613,4.50029
Maryland,2006,5627367,238,4.22933,4.11789,257,4.56697,4.49786
Maryland,2007,5653408,233,4.12141,4.02859,285,5.04121,4.95447
Maryland,2008,5684965,263,4.62624,4.46807,244,4.29202,4.18861
Maryland,2009,5730388,252,4.39761,4.23358,299,5.21780,5.09108
Maryland,2010,5773552,222,3.84512,3.69288,280,4.84970,4.62356
Maryland,2011,5828289,242,4.15216,4.01293,316,5.42183,5.20347
Maryland,2012,5884563,272,4.62226,4.33360,311,5.28501,5.12460
Maryland,2013,5928814,257,4.33476,4.13116,312,5.26244,5.02034
Maryland,2014,5976407,277,4.63489,4.35867,329,5.50498,5.43192
Maryland,2015,6006401,244,4.06233,3.83346,309,5.14451,4.96873
Maryland,2016,6016447,251,4.17190,3.92283,335,5.56807,5.43581
Massachusetts,2001,6397634,107,1.67249,1.61721,319,4.98622,4.85625
Massachusetts,2002,6417206,99,1.54273,1.48448,337,5.25151,5.13585
Massachusetts,2003,6422565,122,1.89955,1.81667,311,4.84230,4.72620
Massachusetts,2004,6412281,95,1.48153,1.42534,330,5.14637,5.00807
Massachusetts,2005,6403290,111,1.73348,1.63266,369,5.76266,5.59020
Massachusetts,2006,6410084,101,1.57564,1.48228,349,5.44455,5.20692
Massachusetts,2007,6431559,114,1.77251,1.68375,402,6.25043,6.02327
Massachusetts,2008,6468967,118,1.82409,1.74308,391,6.04424,5.80586
Massachusetts,2009,6517613,89,1.36553,1.28937,441,6.76628,6.49978
Massachusetts,2010,6547629,138,2.10763,2.01285,460,7.02544,6.78171
Massachusetts,2011,6587536,116,1.76090,1.65871,469,7.11951,6.74690
Massachusetts,2012,6646144,151,2.27199,2.14471,453,6.81598,6.52938
Massachusetts,2013,6692824,112,1.67343,1.57235,460,6.87303,6.62684
Massachusetts,2014,6745408,130,1.92724,1.72701,466,6.90840,6.51508
Massachusetts,2015,6794422,118,1.73672,1.58200,524,7.71221,7.32780
Massachusetts,2016,6811779,140,2.05526,1.91044,491,7.20810,6.85685
Michigan,2001,9991120,542,5.42482,5.45015,509,5.09452,5.10705
Michigan,2002,10015710,578,5.77093,5.77488,528,5.27172,5.28132
Michigan,2003,10041152,523,5.20857,5.16526,506,5.03926,5.04944
Michigan,2004,10055315,532,5.29073,5.23263,566,5.62886,5.65719
Michigan,2005,10051137,554,5.51181,5.45095,554,5.51181,5.50672
Michigan,2006,10036081,598,5.95850,5.82240,541,5.39055,5.38225
Michigan,2007,10001284,558,5.57928,5.43304,573,5.72926,5.67215
Michigan,2008,9946889,570,5.73043,5.59916,610,6.13257,6.14340
Michigan,2009,9901591,575,5.80715,5.59261,594,5.99904,5.88511
Michigan,2010,9883640,601,6.08076,5.89674,662,6.69794,6.61340
Michigan,2011,9876187,619,6.26760,6.04761,602,6.09547,6.13745
Michigan,2012,9883360,623,6.30352,5.97842,638,6.45529,6.52296
Michigan,2013,9895622,674,6.81109,6.45517,621,6.27550,6.39350
Michigan,2014,9909877,671,6.77102,6.49397,683,6.89211,6.78674
Michigan,2015,9922576,692,6.97400,6.54183,718,7.23602,7.23290
Michigan,2016,9928300,717,7.22178,6.81167,647,6.51672,6.49660
Minnesota,2001,4982796,242,4.85671,4.82863,238,4.77643,4.75041
Minnesota,2002,5018935,238,4.74204,4.72278,259,5.16046,5.10994
Minnesota,2003,5053572,244,4.82827,4.77816,253,5.00636,4.99039
Minnesota,2004,5087713,268,5.26759,5.21089,256,5.03173,4.95805
Minnesota,2005,5119598,255,4.98086,4.89608,292,5.70357,5.56953
Minnesota,2006,5163555,243,4.70606,4.68172,311,6.02298,5.95151
Minnesota,2007,5207203,265,5.08910,5.00665,307,5.89568,5.80960
Minnesota,2008,5247018,289,5.50789,5.42974,307,5.85094,5.72957
Minnesota,2009,5281203,281,5.32076,5.12143,303,5.73733,5.68190
Minnesota,2010,5303925,280,5.27911,5.16161,326,6.14639,6.06152
Minnesota,2011,5344861,322,6.02448,5.86547,361,6.75415,6.63374
Minnesota,2012,5379139,310,5.76300,5.62827,346,6.43226,6.38903
Minnesota,2013,5420380,339,6.25417,6.03792,339,6.25417,6.08441
Minnesota,2014,5457173,308,5.64395,5.33885,378,6.92666,6.92737
Minnesota,2015,5489594,304,5.53775,5.41582,426,7.76014,7.78111
Minnesota,2016,5519952,332,6.01455,5.73486,413,7.48195,7.44320
Mississippi,2001,2852994,239,8.37716,8.56250,89,3.11953,3.15600
Mississippi,2002,2858681,254,8.88522,9.00291,89,3.11332,3.18704
Mississippi,2003,2868312,247,8.61134,8.77780,89,3.10287,3.12420
Mississippi,2004,2889010,245,8.48041,8.49393,105,3.63446,3.72853
Mississippi,2005,2905943,251,8.63747,8.76640,112,3.85417,3.97513
Mississippi,2006,2904978,219,7.53878,7.64904,106,3.64891,3.74791
Mississippi,2007,2928350,279,9.52755,9.49665,117,3.99542,4.11028
Mississippi,2008,2947806,286,9.70213,9.65721,123,4.17259,4.21508
Mississippi,2009,2958774,269,9.09160,9.24498,112,3.78535,3.79981
Mississippi,2010,2967297,256,8.62738,8.53086,132,4.44849,4.44284
Mississippi,2011,2978512,268,8.99778,8.83022,121,4.06243,4.24829
Mississippi,2012,2984926,296,9.91649,9.99593,114,3.81919,4.02409
Mississippi,2013,2991207,279,9.32734,9.27814,109,3.64401,3.74270
Mississippi,2014,2994079,251,8.38321,8.15380,129,4.30850,4.33237
Mississippi,2015,2992333,292,9.75827,9.35169,139,4.64520,4.68190
Mississippi,2016,2988726,268,8.96703,8.68578,115,3.84779,3.96831
Missouri,2001,5641142,427,7.56939,7.48987,298,5.28262,5.29133
Missouri,2002,5674825,423,7.45397,7.35820,270,4.75786,4.76532
Missouri,2003,5709403,411,7.19865,7.07967,268,4.69401,4.73431
Missouri,2004,5747741,389,6.76788,6.67971,326,5.67179,5.74039
Missouri,2005,5790300,427,7.37440,7.20815,300,5.18108,5.30232
Missouri,2006,5842704,444,7.59922,7.44229,355,6.07595,6.08920
Missouri,2007,5887612,452,7.67714,7.47111,356,6.04659,6.05107
Missouri,2008,5923916,421,7.10679,6.87634,358,6.04330,6.07947
Missouri,2009,5961088,471,7.90124,7.70187,389,6.52565,6.56451
Missouri,2010,5988927,489,8.16507,7.83126,367,6.12798,6.19702
Missouri,2011,6010688,513,8.53480,8.19436,420,6.98755,7.09972
Missouri,2012,6021988,546,9.06677,8.73353,368,6.11094,6.16545
Missouri,2013,6044171,556,9.19895,8.80033,404,6.68413,6.85153
Missouri,2014,6063589,588,9.69723,9.15132,429,7.07502,7.17737
Missouri,2015,6083672,605,9.94465,9.55604,447,7.34754,7.52965
Missouri,2016,6093000,650,10.66798,10.35976,483,7.92713,7.98413
Montana,2001,906961,133,14.66436,14.68983,42,4.63085,4.56585
Montana,2002,911667,115,12.61425,12.49380,69,7.56855,7.49338
Montana,2003,919630,120,13.04873,12.71370,60,6.52436,6.71221
Montana,2004,930009,105,11.29021,10.92202,70,7.52681,7.85229
Montana,2005,940102,135,14.36014,14.14139,71,7.55237,7.61095
Montana,2006,952692,102,10.70650,10.43712,87,9.13202,9.23645
Montana,2007,964706,120,12.43902,11.69979,76,7.87805,7.68794
Montana,2008,976415,132,13.51884,13.25571,71,7.27150,7.33628
Montana,2009,983982,136,13.82139,12.70826,83,8.43511,8.46488
Montana,2010,989415,141,14.25085,12.97266,86,8.69200,8.77760
Montana,2011,998199,152,15.22742,14.75750,80,8.01443,7.79743
Montana,2012,1005141,153,15.22175,14.78174,80,7.95908,7.82011
Montana,2013,1015165,147,14.48040,13.97779,96,9.45659,9.74855
Montana,2014,1023579,149,14.55677,13.70466,102,9.96503,10.20179
Montana,2015,1032949,174,16.84497,15.93459,98,9.48740,9.39753
Montana,2016,1042520,162,15.53927,15.57011,105,10.07175,10.36706
Nebraska,2001,1719836,107,6.22152,6.19123,80,4.65161,4.74569
Nebraska,2002,1728292,105,6.07536,6.01092,96,5.55462,5.72437
Nebraska,2003,1738643,91,5.23397,5.12457,85,4.88887,5.00655
Nebraska,2004,1749370,87,4.97322,4.93128,79,4.51591,4.55985
Nebraska,2005,1761497,100,5.67699,5.63825,87,4.93898,5.21442
Nebraska,2006,1772693,105,5.92319,5.69086,97,5.47190,5.48002
Nebraska,2007,1783440,89,4.99036,4.88958,92,5.15857,5.28368
Nebraska,2008,1796378,98,5.45542,5.38143,93,5.17708,5.22214
Nebraska,2009,1812683,93,5.13052,5.04262,77,4.24785,4.26009
Nebraska,2010,1826341,106,5.80395,5.57058,87,4.76362,4.83927
Nebraska,2011,1842641,111,6.02396,6.01178,82,4.45013,4.49954
Nebraska,2012,1855525,115,6.19771,6.17254,117,6.30549,6.30636
Nebraska,2013,1868516,111,5.94054,5.87539,109,5.83351,5.79996
Nebraska,2014,1881503,133,7.06882,7.01335,118,6.27158,6.37106
Nebraska,2015,1896190,114,6.01206,5.95329,109,5.74837,5.79406
Nebraska,2016,1907116,116,6.08248,6.09410,130,6.81658,6.96292
Nevada,2001,2098399,219,10.43653,10.58949,168,8.00610,8.07630
Nevada,2002,2173791,245,11.27063,11.37028,178,8.18846,8.28263
Nevada,2003,2248850,247,10.98339,11.45213,187,8.31536,8.38911
Nevada,2004,2346222,249,10.61281,10.83423,191,8.14075,8.07440
Nevada,2005,2432143,262,10.77239,10.84840,218,8.96329,8.93240
Nevada,2006,2522658,255,10.10839,10.28234,231,9.15701,9.01552
Nevada,2007,2601072,270,10.38034,10.36921,201,7.72758,7.63353
Nevada,2008,2653630,291,10.96611,10.90737,237,8.93116,8.83272
Nevada,2009,2684665,295,10.98834,10.90803,210,7.82221,7.76527
Nevada,2010,2700551,289,10.70152,10.51568,258,9.55361,9.28390
Nevada,2011,2723322,272,9.98780,9.74146,244,8.95965,8.70549
Nevada,2012,2758931,274,9.93138,9.60852,250,9.06148,8.63111
Nevada,2013,2790136,292,10.46544,10.05684,249,8.92430,8.56639
Nevada,2014,2839099,309,10.88373,10.47166,264,9.29872,9.07609
Nevada,2015,2890845,293,10.13544,9.51022,265,9.16687,8.93516
Nevada,2016,2940058,334,11.36032,10.90283,316,10.74809,10.46315
New Hampshire,2001,1255517,79,6.29223,6.31081,88,7.00906,6.83921
New Hampshire,2002,1269089,66,5.20058,5.11174,66,5.20058,5.16393
New Hampshire,2003,1279840,75,5.86011,5.68909,83,6.48519,6.32752
New Hampshire,2004,1290121,57,4.41819,4.12715,76,5.89092,5.77674
New Hampshire,2005,1298492,79,6.08398,5.88217,83,6.39203,6.10464
New Hampshire,2006,1308389,69,5.27366,5.11758,82,6.26725,6.11050
New Hampshire,2007,1312540,71,5.40936,5.00160,87,6.62837,6.14337
New Hampshire,2008,1315906,85,6.45943,6.19330,94,7.14337,6.94073
New Hampshire,2009,1316102,82,6.23052,5.82429,84,6.38248,6.03749
New Hampshire,2010,1316470,102,7.74799,7.01872,94,7.14031,7.03494
New Hampshire,2011,1318194,75,5.68960,5.05846,123,9.33095,8.68626
New Hampshire,2012,1320718,98,7.42021,6.67720,104,7.87450,7.43593
New Hampshire,2013,1323459,81,6.12033,5.52375,104,7.85820,7.28578
New Hampshire,2014,1326813,110,8.29054,7.70748,137,10.32549,10.10039
New Hampshire,2015,1330608,107,8.04144,7.82752,121,9.09359,8.69441
New Hampshire,2016,1334795,123,9.21490,8.68537,121,9.06506,8.58857
New Jersey,2001,8492671,167,1.96640,1.92342,421,4.95722,4.87983
New Jersey,2002,8552643,176,2.05784,1.97276,377,4.40799,4.30588
New Jersey,2003,8601402,183,2.12756,2.06299,405,4.70853,4.59154
New Jersey,2004,8634561,185,2.14255,2.08473,412,4.77152,4.71432
New Jersey,2005,8651974,136,1.57190,1.52203,400,4.62322,4.54760
New Jersey,2006,8661679,173,1.99730,1.89695,412,4.75658,4.62501
New Jersey,2007,8677885,165,1.90138,1.81036,431,4.96665,4.86183
New Jersey,2008,8711090,175,2.00893,1.91309,440,5.05103,4.89186
New Jersey,2009,8755602,173,1.97588,1.86323,384,4.38576,4.27690
New Jersey,2010,8791894,187,2.12696,1.95935,532,6.05103,5.80000
New Jersey,2011,8821155,181,2.05189,1.92991,508,5.75888,5.55081
New Jersey,2012,8864590,160,1.80493,1.67900,523,5.89988,5.72782
New Jersey,2013,8899339,194,2.17994,2.03043,563,6.32631,6.02528
New Jersey,2014,8938175,194,2.17047,1.99689,592,6.62328,6.34741
New Jersey,2015,8958013,189,2.10984,1.94767,600,6.69791,6.33740
New Jersey,2016,8944469,176,1.96770,1.80271,511,5.71303,5.38919
New Mexico,2001,1831690,188,10.26375,10.57999,174,9.49942,9.68657
New Mexico,2002,1855309,211,11.37277,11.58323,138,7.43811,7.58102
New Mexico,2003,1877574,211,11.23791,11.36028,132,7.03035,7.24806
New Mexico,2004,1903808,196,10.29516,10.25064,160,8.40421,8.53756
New Mexico,2005,1932274,178,9.21194,9.21897,164,8.48741,8.54506
New Mexico,2006,1962137,193,9.83621,9.78495,159,8.10341,8.14499
New Mexico,2007,1990070,189,9.49715,9.47688,212,10.65289,10.82643
New Mexico,2008,2010662,195,9.69830,9.54584,224,11.14061,11.31735
New Mexico,2009,2036802,192,9.42654,9.10240,184,9.03377,9.09398
New Mexico,2010,2059179,204,9.90686,9.84878,209,10.14968,10.30706
New Mexico,2011,2082224,221,10.61365,10.48583,199,9.55709,9.86232
New Mexico,2012,2085538,230,11.02833,10.88803,212,10.16524,10.45694
New Mexico,2013,2085287,222,10.64602,10.27680,209,10.02260,10.02290
New Mexico,2014,2085572,244,11.69943,11.16492,205,9.82944,9.86873
New Mexico,2015,2085109,275,13.18876,12.56216,225,10.79080,11.21923
New Mexico,2016,2081015,243,11.67699,11.02019,228,10.95619,11.46986
New York,2001,19082838,453,2.37386,2.33952,800,4.19225,4.12741
New York,2002,19137800,411,2.14758,2.10912,817,4.26904,4.20287
New York,2003,19175939,412,2.14853,2.10984,757,3.94766,3.85544
New York,2004,19171567,401,2.09164,2.01226,786,4.09982,4.01322
New York,2005,19132610,456,2.38337,2.30628,733,3.83116,3.74994
New York,2006,19104631,412,2.15655,2.07464,914,4.78418,4.61465
New York,2007,19132335,441,2.30500,2.21659,955,4.99155,4.85155
New York,2008,19212436,429,2.23293,2.12890,980,5.10086,4.92802
New York,2009,19307066,422,2.18573,2.03932,995,5.15355,4.95589
New York,2010,19378102,459,2.36865,2.25595,1088,5.61458,5.38555
New York,2011,19465197,505,2.59437,2.45378,1153,5.92339,5.70436
New York,2012,19570261,516,2.63665,2.47700,1192,6.09087,5.81278
New York,2013,19651127,465,2.36628,2.19690,1222,6.21847,5.91115
New York,2014,19746227,474,2.40046,2.21541,1226,6.20878,5.91597
New York,2015,19795791,421,2.12671,1.95668,1231,6.21849,5.90932
New York,2016,19745289,490,2.48160,2.29763,1189,6.02169,5.80701
North Carolina,2001,8210122,632,7.69781,7.63796,365,4.44573,4.40116
North Carolina,2002,8326201,630,7.56648,7.50640,356,4.27566,4.24264
North Carolina,2003,8422501,619,7.34936,7.27168,336,3.98931,3.93678
North Carolina,2004,8553152,608,7.10849,7.05593,419,4.89878,4.87427
North Carolina,2005,8705407,632,7.25986,7.15628,377,4.33064,4.27525
North Carolina,2006,8917270,660,7.40137,7.24793,446,5.00153,4.91692
North Carolina,2007,9118037,607,6.65713,6.51066,470,5.15462,5.10732
North Carolina,2008,9309449,669,7.18625,7.03898,493,5.29569,5.23704
North Carolina,2009,9449566,678,7.17493,6.97361,496,5.24892,5.23816
North Carolina,2010,9535483,707,7.41441,7.20819,467,4.89750,4.82752
North Carolina,2011,9656401,728,7.53904,7.29511,485,5.02258,4.97700
North Carolina,2012,9752073,709,7.27025,6.93426,577,5.91669,5.78736
North Carolina,2013,9848060,771,7.82895,7.46062,513,5.20915,5.10998
North Carolina,2014,9943964,760,7.64283,7.22858,592,5.95336,5.83676
North Carolina,2015,10042802,787,7.83646,7.33481,619,6.16362,6.08803
North Carolina,2016,10146788,788,7.76600,7.36508,585,5.76537,5.64038
North Dakota,2001,639062,41,6.41565,6.56669,38,5.94621,6.16117
North Dakota,2002,638168,53,8.30502,8.33860,38,5.95454,5.96356
North Dakota,2003,638817,41,6.41811,6.25714,40,6.26157,6.06182
North Dakota,2004,644705,41,6.35950,6.11797,32,4.96351,5.00680
North Dakota,2005,646089,56,8.66754,8.06564,36,5.57199,5.59347
North Dakota,2006,649422,41,6.31331,5.86960,49,7.54517,7.42165
North Dakota,2007,652822,49,7.50587,7.22952,46,7.04633,6.93852
North Dakota,2008,657569,55,8.36414,7.93094,31,4.71433,5.13440
North Dakota,2009,664968,50,7.51916,7.46792,40,6.01533,6.38277
North Dakota,2010,672591,56,8.32601,8.36421,50,7.43394,7.24413
North Dakota,2011,683932,51,7.45688,7.20023,55,8.04174,7.66576
North Dakota,2012,699628,63,9.00479,9.08156,42,6.00319,6.08456
North Dakota,2013,723393,76,10.50605,10.22770,52,7.18835,7.07496
North Dakota,2014,739482,85,11.49453,10.89780,52,7.03195,6.87108
North Dakota,2015,756927,76,10.04060,10.37390,48,6.34143,7.11308
North Dakota,2016,757952,75,9.89509,9.80481,65,8.57574,9.18595
Ohio,2001,11387404,671,5.89248,5.82821,548,4.81233,4.78055
Ohio,2002,11407889,675,5.91696,5.79880,612,5.36471,5.36622
Ohio,2003,11434788,572,5.00228,4.91989,502,4.39011,4.41055
Ohio,2004,11452251,657,5.73686,5.58682,662,5.78052,5.77118
Ohio,2005,11463320,668,5.82728,5.62587,673,5.87090,5.88145
Ohio,2006,11481213,626,5.45239,5.22955,699,6.08821,6.03403
Ohio,2007,11500468,659,5.73020,5.54718,636,5.53021,5.50491
Ohio,2008,11515391,684,5.93988,5.73795,728,6.32197,6.40917
Ohio,2009,11528896,590,5.11758,4.89761,586,5.08288,5.10823
Ohio,2010,11536504,724,6.27573,6.12537,715,6.19772,6.12130
Ohio,2011,11544951,726,6.28846,5.99128,739,6.40107,6.34292
Ohio,2012,11544225,784,6.79127,6.43042,758,6.56605,6.58061
Ohio,2013,11570808,800,6.91395,6.56564,726,6.27441,6.29389
Ohio,2014,11594163,744,6.41702,6.04156,747,6.44290,6.51368
Ohio,2015,11613423,861,7.41383,7.08002,789,6.79386,6.80308
Ohio,2016,11614373,926,7.97288,7.45773,781,6.72443,6.71115
Oklahoma,2001,3467100,332,9.57573,9.51159,183,5.27819,5.39059
Oklahoma,2002,3489080,312,8.94219,8.86880,189,5.41690,5.53527
Oklahoma,2003,3504892,281,8.01737,7.97817,195,5.56365,5.65989
Oklahoma,2004,3525233,312,8.85048,8.76636,194,5.50318,5.64410
Oklahoma,2005,3548597,302,8.51041,8.42791,220,6.19963,6.39104
Oklahoma,2006,3594090,314,8.73656,8.61735,223,6.20463,6.35048
Oklahoma,2007,3634349,315,8.66730,8.58145,216,5.94329,6.08827
Oklahoma,2008,3668976,346,9.43042,9.22595,229,6.24152,6.45888
Oklahoma,2009,3717572,363,9.76444,9.65251,204,5.48745,5.59200
Oklahoma,2010,3751351,376,10.02306,9.93312,242,6.45101,6.57346
Oklahoma,2011,3791508,440,11.60488,11.54098,253,6.67281,6.92533
Oklahoma,2012,3814820,411,10.77377,10.61064,259,6.78931,7.01292
Oklahoma,2013,3850568,433,11.24509,11.07010,232,6.02509,6.11807
Oklahoma,2014,3878051,435,11.21697,11.05559,301,7.76163,8.02941
Oklahoma,2015,3911338,468,11.96521,11.61556,322,8.23248,8.67903
Oklahoma,2016,3923561,517,13.17681,12.94748,305,7.77355,8.06073
Oregon,2001,3467937,280,8.07396,7.95116,225,6.48801,6.40227
Oregon,2002,3513424,291,8.28252,8.11069,227,6.46093,6.32756
Oregon,2003,3547376,331,9.33084,8.97222,261,7.35755,7.24795
Oregon,2004,3569463,299,8.37661,7.99077,256,7.17195,7.05630
Oregon,2005,3613202,319,8.82873,8.40791,241,6.66998,6.50322
Oregon,2006,3670883,307,8.36311,8.01589,272,7.40966,7.27331
Oregon,2007,3722417,327,8.78461,8.32233,267,7.17276,6.97913
Oregon,2008,3768748,319,8.46435,7.98680,253,6.71310,6.54762
Oregon,2009,3808600,345,9.05845,8.52947,299,7.85065,7.64575
Oregon,2010,3831074,376,9.81448,9.23389,309,8.06562,7.88848
Oregon,2011,3871859,343,8.85879,8.53455,313,8.08397,8.07820
Oregon,2012,3899353,367,9.41182,8.93527,357,9.15537,8.88071
Oregon,2013,3930065,389,9.89806,9.18615,309,7.86247,7.63196
Oregon,2014,3970239,422,10.62908,9.77805,360,9.06746,8.85403
Oregon,2015,4028977,373,9.25793,8.54435,389,9.65506,9.23995
Oregon,2016,4093465,414,10.11368,9.33940,358,8.74565,8.50443
Pennsylvania,2001,12298970,684,5.56144,5.38054,592,4.81341,4.79006
Pennsylvania,2002,12331031,720,5.83893,5.69541,621,5.03608,5.01338
Pennsylvania,2003,12374658,724,5.85067,5.59095,616,4.97792,4.94928
Pennsylvania,2004,12410722,722,5.81755,5.59411,688,5.54359,5.47513
Pennsylvania,2005,12449990,768,6.16868,5.85139,662,5.31727,5.28198
Pennsylvania,2006,12510809,734,5.86693,5.57451,662,5.29142,5.24089
Pennsylvania,2007,12563937,719,5.72273,5.46372,722,5.74661,5.62181
Pennsylvania,2008,12612285,770,6.10516,5.73243,769,6.09723,6.06462
Pennsylvania,2009,12666858,825,6.51306,6.06030,806,6.36306,6.12763
Pennsylvania,2010,12702379,762,5.99888,5.62978,814,6.40825,6.27561
Pennsylvania,2011,12742886,883,6.92936,6.50375,864,6.78025,6.68621
Pennsylvania,2012,12763536,819,6.41672,5.94132,828,6.48723,6.43461
Pennsylvania,2013,12773801,918,7.18658,6.69798,870,6.81082,6.65270
Pennsylvania,2014,12787209,897,7.01482,6.27840,920,7.19469,7.01893
Pennsylvania,2015,12802503,932,7.27983,6.72729,962,7.51416,7.22759
Pennsylvania,2016,12784227,976,7.63441,7.07082,994,7.77521,7.59587
Rhode Island,2001,1057142,25,2.36487,2.26402,63,5.95946,5.81693
Rhode Island,2002,1065995,30,2.81427,2.77347,56,5.25331,5.18881
Rhode Island,2003,1071342,12,,,72,6.72054,6.65795
Rhode Island,2004,1074579,22,2.04731,1.90606,63,5.86276,5.68852
Rhode Island,2005,1067916,19,,,52,4.86930,4.62389
Rhode Island,2006,1063096,27,2.53975,2.41587,63,5.92609,5.79027
Rhode Island,2007,1057315,24,2.26990,2.17779,72,6.80970,6.60558
Rhode Island,2008,1055003,23,2.18009,1.97634,87,8.24642,7.96612
Rhode Island,2009,1053646,40,3.79634,3.50342,78,7.40287,7.25069
Rhode Island,2010,1052567,30,2.85017,2.79946,99,9.40558,9.52656
Rhode Island,2011,1051302,20,1.90240,1.74265,81,7.70473,7.14209
Rhode Island,2012,1050292,26,2.47550,2.50524,79,7.52172,6.94647
Rhode Island,2013,1051511,34,3.23344,3.18876,98,9.31992,8.96178
Rhode Island,2014,1055173,20,1.89542,1.65824,93,8.81372,8.39126
Rhode Island,2015,1056298,40,3.78681,3.54788,87,8.23631,7.66363
Rhode Island,2016,1056426,35,3.31306,2.82826,91,8.61395,8.37294
South Carolina,2001,4064995,311,7.65069,7.58736,156,3.83764,3.81442
South Carolina,2002,4107795,304,7.40056,7.41658,136,3.31078,3.34615
South Carolina,2003,4150297,328,7.90305,7.85760,148,3.56601,3.61723
South Carolina,2004,4210921,328,7.78927,7.63783,154,3.65716,3.63960
South Carolina,2005,4270150,314,7.35337,7.26735,196,4.59000,4.51590
South Carolina,2006,4357847,315,7.22834,6.98850,209,4.79595,4.78640
South Carolina,2007,4444110,311,6.99803,6.81769,219,4.92787,4.81141
South Carolina,2008,4528996,343,7.57342,7.15620,222,4.90175,4.84293
South Carolina,2009,4589872,377,8.21374,7.84766,242,5.27248,5.20454
South Carolina,2010,4625364,392,8.47501,8.25216,245,5.29688,5.20853
South Carolina,2011,4679230,426,9.10406,8.70754,232,4.95808,4.86577
South Carolina,2012,4723723,433,9.16650,8.53500,240,5.08074,5.13860
South Carolina,2013,4774839,470,9.84326,9.21964,226,4.73314,4.75754
South Carolina,2014,4832482,479,9.91209,9.43661,274,5.66996,5.69200
South Carolina,2015,4896146,469,9.57896,9.21590,273,5.57581,5.61891
South Carolina,2016,4961119,525,10.58229,9.94286,290,5.84546,5.72615
South Dakota,2001,757972,43,5.67303,5.64283,62,8.17972,8.32839
South Dakota,2002,760020,50,6.57877,6.44673,44,5.78932,5.84703
South Dakota,2003,763729,60,7.85619,7.80657,42,5.49933,5.70416
South Dakota,2004,770396,61,7.91801,7.93775,51,6.61997,6.87115
South Dakota,2005,775493,71,9.15547,8.84448,50,6.44751,6.59696
South Dakota,2006,783033,71,9.06731,8.94967,54,6.89626,7.10790
South Dakota,2007,791623,44,5.55820,5.27143,58,7.32672,7.25370
South Dakota,2008,799124,68,8.50932,8.55015,56,7.00767,7.16596
South Dakota,2009,807067,61,7.55823,7.58402,68,8.42557,8.74326
South Dakota,2010,814180,65,7.98349,7.98387,75,9.21172,9.44799
South Dakota,2011,824082,60,7.28083,7.04778,68,8.25161,8.61190
South Dakota,2012,833354,76,9.11977,8.66991,65,7.79981,8.14225
South Dakota,2013,844877,71,8.40359,8.89884,76,8.99539,9.13047
South Dakota,2014,853175,76,8.90790,8.79141,65,7.61860,8.28372
South Dakota,2015,858469,73,8.50351,8.21643,100,11.64864,12.21288
South Dakota,2016,865454,84,9.70589,10.22539,79,9.12816,9.97896
Tennessee,2001,5750789,480,8.34668,8.22833,231,4.01684,4.00127
Tennessee,2002,5795918,521,8.98909,8.86311,257,4.43416,4.40164
Tennessee,2003,5847812,493,8.43050,8.29686,269,4.60001,4.55967
Tennessee,2004,5910809,526,8.89895,8.75793,266,4.50023,4.40546
Tennessee,2005,5991057,552,9.21373,8.94299,304,5.07423,5.06635
Tennessee,2006,6088766,569,9.34508,9.14374,305,5.00923,4.97738
Tennessee,2007,6175727,545,8.82487,8.55531,299,4.84154,4.81393
Tennessee,2008,6247411,609,9.74804,9.38069,364,5.82641,5.71478
Tennessee,2009,6306019,574,9.10241,8.81530,373,5.91498,5.78009
Tennessee,2010,6346105,585,9.21825,8.92496,358,5.64126,5.67123
Tennessee,2011,6403353,591,9.22954,8.73120,364,5.68452,5.60292
Tennessee,2012,6456243,626,9.69604,9.19303,352,5.45209,5.40745
Tennessee,2013,6495978,676,10.40644,9.87574,354,5.44953,5.48360
Tennessee,2014,6549352,644,9.83303,9.30460,353,5.38985,5.46405
Tennessee,2015,6600299,638,9.66623,9.17999,430,6.51486,6.49657
Tennessee,2016,6651194,675,10.14855,9.65911,436,6.55521,6.60954
Texas,2001,21319622,1377,6.45884,6.84960,848,3.97756,4.02930
Texas,2002,21690325,1315,6.06261,6.47587,996,4.59191,4.63707
Texas,2003,22030931,1350,6.12775,6.47002,1013,4.59808,4.65463
Texas,2004,22394023,1318,5.88550,6.23014,982,4.38510,4.43537
Texas,2005,22778123,1381,6.06283,6.35548,1037,4.55261,4.57975
Texas,2006,23359580,1311,5.61226,5.86915,1036,4.43501,4.44516
Texas,2007,23831983,1411,5.92062,6.13435,1022,4.28835,4.32353
Texas,2008,24309039,1506,6.19523,6.43049,1046,4.30293,4.35499
Texas,2009,24801761,1583,6.38261,6.59449,1226,4.94320,4.96677
Texas,2010,25145561,1702,6.76859,7.01210,1189,4.72847,4.75597
Texas,2011,25674681,1684,6.55899,6.74276,1212,4.72060,4.73262
Texas,2012,26059203,1744,6.69245,6.85073,1293,4.96178,5.00131
Texas,2013,26448193,1780,6.73014,6.84412,1279,4.83587,4.84732
Texas,2014,26956958,1789,6.63651,6.75097,1465,5.43459,5.46529
Texas,2015,27469114,1994,7.25906,7.33554,1409,5.12940,5.14428
Texas,2016,27862596,2016,7.23551,7.29836,1472,5.28307,5.29954
Utah,2001,2283715,182,7.96947,8.90200,139,6.08657,6.52964
Utah,2002,2324815,174,7.48447,8.26928,166,7.14035,7.88150
Utah,2003,2360137,181,7.66905,8.48090,155,6.56742,6.94803
Utah,2004,2401580,183,7.61998,8.42337,194,8.07802,8.78097
Utah,2005,2457719,190,7.73075,8.53844,158,6.42873,6.81281
Utah,2006,2525507,189,7.48365,8.37256,173,6.85011,7.61989
Utah,2007,2597746,197,7.58350,8.53895,181,6.96758,7.23974
Utah,2008,2663029,196,7.36004,7.95109,194,7.28494,7.91210
Utah,2009,2723421,217,7.96792,8.79876,232,8.51870,9.08506
Utah,2010,2763885,275,9.94976,10.73737,198,7.16383,7.54049
Utah,2011,2817222,268,9.51292,10.53829,234,8.30605,8.88507
Utah,2012,2855287,283,9.91144,10.98654,267,9.35107,10.04344
Utah,2013,2900872,295,10.16936,11.04955,284,9.79016,10.40883
Utah,2014,2942902,278,9.44646,10.30652,281,9.54840,10.24269
Utah,2015,2995919,313,10.44755,11.01382,317,10.58106,11.36740
Utah,2016,3051217,309,10.12711,10.96058,311,10.19265,10.84623
Vermont,2001,612223,42,6.86025,6.69527,30,4.90018,4.70646
Vermont,2002,615442,54,8.77418,8.43034,38,6.17442,5.85089
Vermont,2003,617858,38,6.15028,6.00299,45,7.28323,7.02598
Vermont,2004,619920,56,9.03342,8.70479,37,5.96851,5.85225
Vermont,2005,621215,36,5.79510,5.53872,42,6.76094,6.92719
Vermont,2006,622892,43,6.90328,6.32239,38,6.10058,5.83718
Vermont,2007,623481,43,6.89676,6.53535,46,7.37793,7.30883
Vermont,2008,624151,44,7.04958,6.52276,50,8.01088,7.59786
Vermont,2009,624817,59,9.44276,8.71755,28,4.48131,4.24723
Vermont,2010,625741,66,10.54749,9.63137,40,6.39242,6.11404
Vermont,2011,626431,70,11.17442,10.23589,50,7.98173,7.52765
Vermont,2012,626011,50,7.98708,7.71749,37,5.91044,5.31604
Vermont,2013,626630,59,9.41544,8.33980,53,8.45794,8.43113
Vermont,2014,626562,59,9.41647,8.57538,65,10.37407,10.15992
Vermont,2015,626042,59,9.42429,7.86441,44,7.02828,6.91979
Vermont,2016,624594,69,11.04718,9.68331,49,7.84510,7.58280
Virginia,2001,7198362,467,6.48759,6.49592,330,4.58438,4.47649
Virginia,2002,7286873,491,6.73814,6.75454,308,4.22678,4.15589
Virginia,2003,7366977,452,6.13549,6.08682,356,4.83238,4.76877
Virginia,2004,7475575,494,6.60819,6.55423,334,4.46788,4.37128
Virginia,2005,7577105,511,6.74400,6.59042,355,4.68517,4.57303
Virginia,2006,7673725,499,6.50271,6.33293,377,4.91287,4.77815
Virginia,2007,7751000,487,6.28306,6.15046,393,5.07031,4.95854
Virginia,2008,7833496,524,6.68922,6.51500,424,5.41265,5.28093
Virginia,2009,7925937,527,6.64906,6.38229,436,5.50093,5.33815
Virginia,2010,8001024,576,7.19908,6.97972,387,4.83688,4.69090
Virginia,2011,8096604,604,7.45992,7.21206,450,5.55789,5.38127
Virginia,2012,8185867,587,7.17090,7.01295,476,5.81490,5.62523
Virginia,2013,8260405,601,7.27567,6.97969,471,5.70190,5.55641
Virginia,2014,8326289,626,7.51836,7.13690,497,5.96905,5.74355
Virginia,2015,8382993,630,7.51522,7.06284,488,5.82131,5.62581
Virginia,2016,8411808,671,7.97688,7.48692,495,5.88459,5.77659
Washington,2001,5985722,391,6.53221,6.58290,321,5.36276,5.27868
Washington,2002,6052349,437,7.22034,7.26557,374,6.17942,6.11262
Washington,2003,6104115,436,7.14272,7.12878,367,6.01234,5.91607
Washington,2004,6178645,423,6.84616,6.83616,407,6.58720,6.46238
Washington,2005,6257305,398,6.36057,6.20026,424,6.77608,6.61338
Washington,2006,6370753,397,6.23160,6.11105,412,6.46705,6.21946
Washington,2007,6461587,413,6.39162,6.23684,452,6.99519,6.84757
Washington,2008,6562231,439,6.68980,6.50263,450,6.85742,6.65941
Washington,2009,6667426,470,7.04920,6.84724,451,6.76423,6.50702
Washington,2010,6724540,464,6.90010,6.71454,493,7.33136,7.22425
Washington,2011,6830038,495,7.24740,6.92794,526,7.70127,7.33620
Washington,2012,6897012,529,7.66999,7.35955,509,7.38001,7.15078
Washington,2013,6971406,483,6.92830,6.56284,544,7.80330,7.45735
Washington,2014,7061530,551,7.80284,7.48996,568,8.04358,7.77660
Washington,2015,7170351,537,7.48917,7.22235,600,8.36779,8.19272
Washington,2016,7288000,515,7.06641,6.65171,626,8.58946,8.23251
West Virginia,2001,1801481,195,10.82443,10.08993,91,5.05140,4.95806
West Virginia,2002,1805414,188,10.41312,10.00772,88,4.87423,4.85317
West Virginia,2003,1812295,191,10.53912,9.87789,75,4.13840,4.15185
West Virginia,2004,1816438,192,10.57014,10.21291,93,5.11991,5.22564
West Virginia,2005,1820492,188,10.32688,9.59623,67,3.68032,3.62316
West Virginia,2006,1827912,179,9.79259,9.10682,90,4.92365,4.89425
West Virginia,2007,1834052,205,11.17744,10.55404,95,5.17979,5.18857
West Virginia,2008,1840310,172,9.34625,8.73088,89,4.83614,4.96988
West Virginia,2009,1847775,178,9.63321,9.04357,75,4.05894,4.08068
West Virginia,2010,1852994,210,11.33301,10.52540,69,3.72370,3.58861
West Virginia,2011,1855364,200,10.77956,10.04007,106,5.71316,5.89653
West Virginia,2012,1855413,198,10.67148,10.06455,128,6.89873,7.07781
West Virginia,2013,1854304,225,12.13393,11.26773,98,5.28500,5.14033
West Virginia,2014,1850326,217,11.72766,10.62450,142,7.67432,7.46231
West Virginia,2015,1844128,215,11.65863,10.35875,125,6.77827,7.09086
West Virginia,2016,1831102,238,12.99764,12.04621,124,6.77188,7.26197
Wisconsin,2001,5406835,317,5.86295,5.77582,322,5.95542,5.91213
Wisconsin,2002,5445162,308,5.65640,5.55366,319,5.85841,5.77349
Wisconsin,2003,5479203,310,5.65776,5.53774,337,6.15053,6.10235
Wisconsin,2004,5514026,308,5.58576,5.47697,354,6.41999,6.41672
Wisconsin,2005,5546166,302,5.44520,5.38188,341,6.14839,6.16974
Wisconsin,2006,5577655,299,5.36068,5.31787,371,6.65154,6.62754
Wisconsin,2007,5610775,338,6.02412,5.85730,391,6.96873,6.88660
Wisconsin,2008,5640996,344,6.09821,5.91291,399,7.07322,6.90035
Wisconsin,2009,5669264,345,6.08545,5.87947,379,6.68517,6.60114
Wisconsin,2010,5686986,378,6.64675,6.37739,415,7.29736,7.02833
Wisconsin,2011,5711767,351,6.14521,5.94387,394,6.89804,6.79161
Wisconsin,2012,5726398,348,6.07712,5.84483,375,6.54862,6.49757
Wisconsin,2013,5742713,437,7.60964,7.30690,413,7.19172,7.08038
Wisconsin,2014,5757564,352,6.11370,5.77137,417,7.24265,7.32761
Wisconsin,2015,5771337,424,7.34665,6.91554,453,7.84913,7.73732
Wisconsin,2016,5778708,455,7.87373,7.47259,411,7.11232,7.18370
Wyoming,2001,494657,61,12.33178,12.02585,22,4.44753,4.38854
Wyoming,2002,500017,82,16.39944,16.27995,23,4.59984,4.52590
Wyoming,2003,503453,75,14.89712,14.83787,34,6.75336,6.95986
Wyoming,2004,509106,48,9.42829,9.50569,40,7.85691,7.99918
Wyoming,2005,514157,56,10.89161,10.61694,34,6.61277,6.67133
Wyoming,2006,522667,72,13.77550,13.39178,44,8.41836,8.27036
Wyoming,2007,534876,67,12.52627,12.86052,34,6.35661,6.47860
Wyoming,2008,546043,87,15.93281,15.68156,37,6.77602,6.93019
Wyoming,2009,559851,82,14.64675,14.94806,29,5.17995,5.40065
Wyoming,2010,563626,83,14.72608,13.81025,48,8.51629,8.61701
Wyoming,2011,568158,84,14.78462,14.64114,48,8.44835,8.58707
Wyoming,2012,576412,102,17.69568,17.40334,69,11.97060,12.15986
Wyoming,2013,582658,89,15.27483,14.37694,40,6.86509,7.11903
Wyoming,2014,584153,78,13.35267,13.59766,42,7.18990,7.00784
Wyoming,2015,586107,95,16.20864,16.59498,62,10.57827,11.39772
Wyoming,2016,585501,87,14.85907,14.88331,57,9.73525,10.36085
