State,Year,Deaths,Population,Crude Rate,Age Adjusted Rate
Alabama,2001,737,4467634,16.49643,16.44073
Alabama,2002,724,4480089,16.16039,16.10151
Alabama,2003,765,4503491,16.98682,16.86283
Alabama,2004,679,4530729,14.98655,14.82905
Alabama,2005,736,4569805,16.10572,15.99722
Alabama,2006,780,4628981,16.85036,16.76805
Alabama,2007,812,4672840,17.37701,17.29516
Alabama,2008,820,4718206,17.37949,17.34113
Alabama,2009,830,4757938,17.44453,17.21485
Alabama,2010,782,4779736,16.36074,16.18165
Alabama,2011,785,4802740,16.34484,16.02121
Alabama,2012,831,4822023,17.23343,17.10741
Alabama,2013,860,4833722,17.79167,17.64207
Alabama,2014,815,4849377,16.80628,16.87887
Alabama,2015,958,4858979,19.71608,19.63087
Alabama,2016,1046,4863300,21.50803,21.48852
Alaska,2001,95,633714,14.99099,14.86139
Alaska,2002,127,642337,19.77155,19.85838
Alaska,2003,120,648414,18.50669,19.45083
Alaska,2004,117,659286,17.74647,17.45249
Alaska,2005,116,666946,17.39271,17.49987
Alaska,2006,111,675302,16.43709,17.08839
Alaska,2007,120,680300,17.63928,18.13144
Alaska,2008,142,687455,20.6559,21.02741
Alaska,2009,104,698895,14.88063,14.88525
Alaska,2010,144,710231,20.27509,20.4252
Alaska,2011,126,722718,17.43419,17.5095
Alaska,2012,132,731449,18.04637,17.75729
Alaska,2013,144,735132,19.58832,19.7516
Alaska,2014,145,736732,19.68151,19.17483
Alaska,2015,177,738432,23.96971,23.37686
Alaska,2016,177,741894,23.85786,23.32396
Arizona,2001,842,5273477,15.9667,15.97114
Arizona,2002,968,5396255,17.93837,17.96834
Arizona,2003,849,5510364,15.40733,15.36456
Arizona,2004,897,5652404,15.86935,15.92117
Arizona,2005,934,5839077,15.99568,16.05848
Arizona,2006,982,6029141,16.28756,16.258
Arizona,2007,951,6167681,15.41909,15.42708
Arizona,2008,907,6280362,14.44184,14.41348
Arizona,2009,856,6343154,13.49486,13.47977
Arizona,2010,931,6392017,14.56504,14.57463
Arizona,2011,964,6482505,14.87079,14.73052
Arizona,2012,946,6553255,14.43557,14.14153
Arizona,2013,941,6626624,14.20029,14.08944
Arizona,2014,927,6731484,13.77111,13.50934
Arizona,2015,970,6828065,14.20607,13.79181
Arizona,2016,1094,6931071,15.784,15.22501
Arkansas,2001,412,2691571,15.30705,15.28257
Arkansas,2002,441,2705927,16.29756,16.30757
Arkansas,2003,413,2724816,15.15699,15.06613
Arkansas,2004,406,2749686,14.76532,14.70304
Arkansas,2005,439,2781097,15.78514,15.7134
Arkansas,2006,426,2821761,15.09696,15.13495
Arkansas,2007,426,2848650,14.95445,15.09145
Arkansas,2008,444,2874554,15.44587,15.54724
Arkansas,2009,465,2896843,16.05196,16.15625
Arkansas,2010,419,2915918,14.3694,14.40101
Arkansas,2011,462,2937979,15.7251,16.07004
Arkansas,2012,490,2949131,16.61506,16.633
Arkansas,2013,501,2959373,16.92926,16.80859
Arkansas,2014,496,2966369,16.72078,16.56692
Arkansas,2015,520,2978204,17.46019,16.94999
Arkansas,2016,541,2988248,18.10425,17.77179
California,2001,3200,34479458,9.28089,9.3619
California,2002,3410,34871843,9.77866,9.78248
California,2003,3468,35253159,9.83742,9.81744
California,2004,3316,35574576,9.32126,9.27079
California,2005,3453,35827943,9.63773,9.53159
California,2006,3363,36021202,9.33617,9.19082
California,2007,3268,36250311,9.0151,8.85675
California,2008,3171,36604337,8.66291,8.52755
California,2009,3094,36961229,8.37093,8.20399
California,2010,2935,37253956,7.87836,7.70777
California,2011,3004,37691912,7.96988,7.79354
California,2012,3068,38041430,8.06489,7.92116
California,2013,3026,38332521,7.89408,7.71718
California,2014,2942,38802500,7.58199,7.38336
California,2015,3095,39144818,7.90654,7.68065
California,2016,3184,39250017,8.1121,7.93939
Colorado,2001,510,4425687,11.52363,11.69391
Colorado,2002,517,4490406,11.51344,11.49769
Colorado,2003,501,4528732,11.0627,11.1897
Colorado,2004,553,4575013,12.0874,12.02063
Colorado,2005,535,4631888,11.55037,11.59757
Colorado,2006,497,4720423,10.52872,10.4048
Colorado,2007,505,4803868,10.51236,10.42068
Colorado,2008,513,4889730,10.49138,10.41244
Colorado,2009,583,4972195,11.7252,11.64637
Colorado,2010,555,5029196,11.03556,10.79599
Colorado,2011,573,5116796,11.19841,10.94471
Colorado,2012,672,5187582,12.95401,12.57189
Colorado,2013,619,5268367,11.74937,11.51983
Colorado,2014,663,5355866,12.37895,12.21029
Colorado,2015,701,5456574,12.84689,12.59452
Colorado,2016,812,5540545,14.6556,14.30952
Connecticut,2001,191,3432835,5.56391,5.58068
Connecticut,2002,147,3458749,4.25009,4.28349
Connecticut,2003,153,3484336,4.39108,4.36834
Connecticut,2004,173,3496094,4.94838,4.94311
Connecticut,2005,187,3506956,5.33226,5.30808
Connecticut,2006,173,3517460,4.91832,4.95393
Connecticut,2007,149,3527270,4.22423,4.13736
Connecticut,2008,200,3545579,5.64083,5.57601
Connecticut,2009,173,3561807,4.85709,4.86987
Connecticut,2010,209,3574097,5.84763,5.85253
Connecticut,2011,210,3580709,5.86476,5.81091
Connecticut,2012,227,3590347,6.32251,6.35858
Connecticut,2013,161,3596080,4.4771,4.42362
Connecticut,2014,187,3596677,5.19924,4.95465
Connecticut,2015,189,3590886,5.26332,5.2825
Connecticut,2016,172,3576452,4.80924,4.60473
Delaware,2001,76,795699,9.55135,9.49312
Delaware,2002,74,806169,9.17922,9.09249
Delaware,2003,65,818003,7.94618,7.91448
Delaware,2004,75,830803,9.02741,8.82686
Delaware,2005,75,845150,8.87416,8.84089
Delaware,2006,79,859268,9.19387,9.14785
Delaware,2007,79,871749,9.06224,8.85668
Delaware,2008,95,883874,10.74814,10.70575
Delaware,2009,76,891730,8.52276,8.77401
Delaware,2010,88,897934,9.80027,9.87732
Delaware,2011,77,907135,8.48826,8.22108
Delaware,2012,96,917092,10.46787,10.53281
Delaware,2013,100,925749,10.80206,10.34118
Delaware,2014,102,935614,10.90193,11.08091
Delaware,2015,112,945934,11.84015,12.12119
Delaware,2016,111,952065,11.65887,10.96355
District of Columbia,2001,169,574504,29.41668,25.97021
District of Columbia,2002,195,573158,34.02203,30.28833
District of Columbia,2003,167,568502,29.37545,26.01993
District of Columbia,2004,143,567754,25.18696,22.42027
District of Columbia,2005,154,567136,27.15398,23.78667
District of Columbia,2006,134,570681,23.48072,20.40824
District of Columbia,2007,144,574404,25.06946,21.58292
District of Columbia,2008,137,580236,23.61108,20.14918
District of Columbia,2009,111,592228,18.74278,15.87877
District of Columbia,2010,99,601723,16.45275,14.18411
District of Columbia,2011,86,617996,13.91595,11.82978
District of Columbia,2012,68,632323,10.754,9.39768
District of Columbia,2013,71,646449,10.98308,8.85301
District of Columbia,2014,86,658893,13.0522,11.65937
District of Columbia,2015,120,672228,17.85109,15.19903
District of Columbia,2016,107,681170,15.70827,13.84705
Florida,2001,1816,16356966,11.1023,10.68994
Florida,2002,1886,16689370,11.30061,10.99652
Florida,2003,1940,17004085,11.40902,11.07848
Florida,2004,1890,17415318,10.85252,10.49636
Florida,2005,1838,17842038,10.30151,9.98861
Florida,2006,2083,18166990,11.46585,11.07723
Florida,2007,2272,18367842,12.36944,12.06022
Florida,2008,2334,18527305,12.59762,12.2243
Florida,2009,2324,18652644,12.45936,11.98997
Florida,2010,2268,18801310,12.06299,11.49882
Florida,2011,2378,19057542,12.478,11.96812
Florida,2012,2473,19317568,12.80182,12.18648
Florida,2013,2442,19552860,12.48922,11.92815
Florida,2014,2410,19893297,12.11463,11.54267
Florida,2015,2559,20271272,12.62378,12.00613
Florida,2016,2704,20612439,13.11829,12.61968
Georgia,2001,1124,8377038,13.41763,13.48441
Georgia,2002,1133,8508256,13.31648,13.43613
Georgia,2003,1173,8622793,13.60348,13.75876
Georgia,2004,1062,8769252,12.1105,12.17934
Georgia,2005,1064,8925922,11.92034,12.09517
Georgia,2006,1144,9155813,12.49479,12.55863
Georgia,2007,1244,9349988,13.30483,13.45522
Georgia,2008,1177,9504843,12.38316,12.48247
Georgia,2009,1247,9620846,12.96144,13.07479
Georgia,2010,1223,9687653,12.62432,12.64646
Georgia,2011,1232,9815210,12.55195,12.55217
Georgia,2012,1286,9919945,12.96378,12.81786
Georgia,2013,1262,9992167,12.62989,12.61603
Georgia,2014,1391,10097343,13.7759,13.68975
Georgia,2015,1448,10214860,14.17543,14.11879
Georgia,2016,1571,10310371,15.23709,15.01978
Hawaii,2001,47,1225948,3.83377,3.74179
Hawaii,2002,36,1239613,2.90413,2.80832
Hawaii,2003,37,1251154,2.95727,2.86709
Hawaii,2004,41,1273569,3.2193,3.0961
Hawaii,2005,28,1292729,2.16596,2.12764
Hawaii,2006,33,1309731,2.5196,2.41373
Hawaii,2007,36,1315675,2.73624,2.54674
Hawaii,2008,41,1332213,3.07759,2.95468
Hawaii,2009,47,1346717,3.48997,3.40424
Hawaii,2010,45,1360301,3.30809,3.21485
Hawaii,2011,49,1374810,3.56413,3.45272
Hawaii,2012,51,1392313,3.66297,3.35587
Hawaii,2013,38,1404054,2.70645,2.62337
Hawaii,2014,40,1419561,2.81777,2.64667
Hawaii,2015,55,1431603,3.84185,3.57039
Hawaii,2016,66,1428557,4.62005,4.48112
Idaho,2001,175,1319962,13.25796,13.54482
Idaho,2002,163,1340372,12.1608,12.40126
Idaho,2003,164,1363380,12.02893,12.3528
Idaho,2004,177,1391802,12.71733,12.97143
Idaho,2005,195,1428241,13.65316,14.05972
Idaho,2006,180,1468669,12.256,12.69002
Idaho,2007,187,1505105,12.42438,12.66584
Idaho,2008,175,1534320,11.4057,11.48539
Idaho,2009,196,1554439,12.60905,12.82153
Idaho,2010,198,1567582,12.63092,12.7947
Idaho,2011,192,1584985,12.11368,12.27707
Idaho,2012,207,1595728,12.97214,13.01811
Idaho,2013,227,1612136,14.0807,14.10708
Idaho,2014,213,1634464,13.0318,13.17837
Idaho,2015,247,1654930,14.9251,14.73325
Idaho,2016,242,1683140,14.37789,14.61913
Illinois,2001,1289,12488445,10.32154,10.22778
Illinois,2002,1231,12525556,9.82791,9.72343
Illinois,2003,1146,12556006,9.12711,9.03101
Illinois,2004,994,12589773,7.8953,7.81907
Illinois,2005,1019,12609903,8.08095,8.03802
Illinois,2006,1036,12643955,8.19364,8.11618
Illinois,2007,1032,12695866,8.12863,8.0622
Illinois,2008,1105,12747038,8.66868,8.55189
Illinois,2009,1058,12796778,8.26771,8.18631
Illinois,2010,1064,12830632,8.29265,8.20263
Illinois,2011,1114,12869257,8.65629,8.56475
Illinois,2012,1178,12875255,9.14933,9.05129
Illinois,2013,1117,12882135,8.67092,8.57104
Illinois,2014,1179,12880580,9.15331,9.04548
Illinois,2015,1220,12859995,9.48678,9.45532
Illinois,2016,1490,12801539,11.63923,11.65898
Indiana,2001,729,6127760,11.89668,11.85231
Indiana,2002,723,6155967,11.7447,11.69496
Indiana,2003,696,6196638,11.2319,11.23272
Indiana,2004,639,6233007,10.25187,10.26731
Indiana,2005,705,6278616,11.22859,11.17623
Indiana,2006,742,6332669,11.71702,11.64965
Indiana,2007,670,6379599,10.50223,10.53041
Indiana,2008,723,6424806,11.25326,11.24495
Indiana,2009,735,6459325,11.3789,11.31982
Indiana,2010,709,6483802,10.93494,10.81638
Indiana,2011,638,6516922,9.7899,9.6971
Indiana,2012,800,6537334,12.2374,12.21108
Indiana,2013,857,6570902,13.04235,12.99548
Indiana,2014,818,6596855,12.39985,12.3757
Indiana,2015,846,6619680,12.78007,12.70347
Indiana,2016,997,6633053,15.03079,14.95126
Iowa,2001,191,2931997,6.51433,6.3623
Iowa,2002,201,2934234,6.85017,6.75424
Iowa,2003,208,2941999,7.07002,6.97093
Iowa,2004,195,2953635,6.60203,6.4478
Iowa,2005,201,2964454,6.78034,6.71434
Iowa,2006,193,2982644,6.47077,6.34747
Iowa,2007,157,2999212,5.23471,4.99915
Iowa,2008,224,3016734,7.42525,7.31138
Iowa,2009,193,3032870,6.36361,6.24847
Iowa,2010,213,3046355,6.99196,6.82064
Iowa,2011,220,3062309,7.18412,7.13646
Iowa,2012,217,3074186,7.05878,7.0318
Iowa,2013,253,3090416,8.1866,8.04841
Iowa,2014,241,3107126,7.75636,7.45854
Iowa,2015,247,3123899,7.90679,7.75465
Iowa,2016,288,3134693,9.1875,9.2086
Kansas,2001,267,2702162,9.88098,9.90852
Kansas,2002,268,2713535,9.87642,9.75867
Kansas,2003,304,2723004,11.16414,11.12847
Kansas,2004,294,2734373,10.75201,10.7763
Kansas,2005,257,2745299,9.36146,9.32403
Kansas,2006,299,2762931,10.82184,10.93013
Kansas,2007,292,2783785,10.48932,10.35728
Kansas,2008,277,2808076,9.86441,9.73773
Kansas,2009,303,2832704,10.69649,10.8355
Kansas,2010,300,2853118,10.51481,10.542
Kansas,2011,329,2871238,11.45847,11.36713
Kansas,2012,377,2885905,13.06349,13.09859
Kansas,2013,331,2893957,11.43763,11.37085
Kansas,2014,329,2904021,11.32912,11.33191
Kansas,2015,330,2911641,11.33381,11.37158
Kansas,2016,383,2907289,13.17378,13.3669
Kentucky,2001,524,4068132,12.8806,12.72381
Kentucky,2002,544,4089875,13.30114,13.09424
Kentucky,2003,560,4117170,13.60158,13.44172
Kentucky,2004,551,4146101,13.28959,13.08391
Kentucky,2005,548,4182742,13.10145,12.97133
Kentucky,2006,531,4219239,12.58521,12.49592
Kentucky,2007,612,4256672,14.37743,14.16172
Kentucky,2008,576,4289878,13.42696,13.29246
Kentucky,2009,560,4317074,12.97175,12.79998
Kentucky,2010,555,4339367,12.78988,12.43948
Kentucky,2011,617,4369356,14.12107,13.80828
Kentucky,2012,655,4380415,14.95292,14.77029
Kentucky,2013,622,4395295,14.1515,13.65051
Kentucky,2014,634,4413457,14.36516,13.94577
Kentucky,2015,694,4425092,15.68329,15.22589
Kentucky,2016,772,4436974,17.39925,17.50857
Louisiana,2001,781,4477875,17.44131,17.47698
Louisiana,2002,876,4497267,19.4785,19.38385
Louisiana,2003,847,4521042,18.73462,18.71909
Louisiana,2004,902,4552238,19.81443,19.64957
Louisiana,2005,858,4576628,18.74743,18.51618
Louisiana,2006,831,4302665,19.31361,19.12432
Louisiana,2007,869,4375581,19.86022,19.85193
Louisiana,2008,822,4435586,18.53194,18.37162
Louisiana,2009,810,4491648,18.03347,18.07317
Louisiana,2010,864,4533372,19.05866,19.19167
Louisiana,2011,865,4574836,18.90778,18.92617
Louisiana,2012,845,4601893,18.36201,18.52985
Louisiana,2013,886,4625470,19.15481,19.26261
Louisiana,2014,896,4649676,19.27016,19.03405
Louisiana,2015,952,4670724,20.38228,20.42814
Louisiana,2016,987,4681666,21.08224,21.29645
Maine,2001,98,1285692,7.62235,7.24027
Maine,2002,88,1295960,6.79033,6.55808
Maine,2003,82,1306513,6.27625,6.04823
Maine,2004,108,1313688,8.22113,7.83021
Maine,2005,109,1318787,8.26517,7.76075
Maine,2006,105,1323619,7.9328,7.34049
Maine,2007,107,1327040,8.06306,7.58675
Maine,2008,122,1330509,9.16942,8.46616
Maine,2009,122,1329590,9.17576,8.55848
Maine,2010,113,1328361,8.50672,7.92726
Maine,2011,136,1328188,10.23951,9.53405
Maine,2012,130,1329192,9.78038,8.96873
Maine,2013,158,1328302,11.89489,10.91896
Maine,2014,133,1330089,9.99933,9.42688
Maine,2015,144,1329328,10.83254,9.82204
Maine,2016,123,1331479,9.23785,8.3194
Maryland,2001,607,5374691,11.29367,11.42367
Maryland,2002,615,5440389,11.30434,11.49074
Maryland,2003,648,5496269,11.78982,11.94863
Maryland,2004,656,5546935,11.82635,11.92439
Maryland,2005,657,5592379,11.74813,11.86254
Maryland,2006,678,5627367,12.04826,12.05879
Maryland,2007,678,5653408,11.99277,12.05384
Maryland,2008,665,5684965,11.69752,11.64596
Maryland,2009,586,5730388,10.22618,10.14781
Maryland,2010,538,5773552,9.31835,9.27811
Maryland,2011,542,5828289,9.29947,9.26791
Maryland,2012,589,5884563,10.00924,9.86573
Maryland,2013,578,5928814,9.749,9.67944
Maryland,2014,546,5976407,9.13592,9.01212
Maryland,2015,708,6006401,11.78742,11.91743
Maryland,2016,707,6016447,11.75112,11.90054
Massachusetts,2001,194,6397634,3.03237,3.00336
Massachusetts,2002,204,6417206,3.17895,3.14499
Massachusetts,2003,204,6422565,3.1763,3.1111
Massachusetts,2004,206,6412281,3.21259,3.15558
Massachusetts,2005,224,6403290,3.4982,3.41064
Massachusetts,2006,211,6410084,3.29169,3.23292
Massachusetts,2007,235,6431559,3.65386,3.59045
Massachusetts,2008,224,6468967,3.46269,3.36783
Massachusetts,2009,207,6517613,3.17601,3.11551
Massachusetts,2010,270,6547629,4.12363,4.0639
Massachusetts,2011,254,6587536,3.85577,3.75754
Massachusetts,2012,233,6646144,3.50579,3.39539
Massachusetts,2013,213,6692824,3.18251,3.10448
Massachusetts,2014,226,6745408,3.35043,3.17667
Massachusetts,2015,213,6794422,3.13492,3.01687
Massachusetts,2016,242,6811779,3.55267,3.4296
Michigan,2001,1077,9991120,10.77957,10.81112
Michigan,2002,1092,10015710,10.90287,10.98558
Michigan,2003,1030,10041152,10.25779,10.32846
Michigan,2004,1048,10055315,10.42235,10.50023
Michigan,2005,1074,10051137,10.68536,10.76384
Michigan,2006,1157,10036081,11.5284,11.53287
Michigan,2007,1095,10001284,10.94859,11.01437
Michigan,2008,1081,9946889,10.86772,10.94679
Michigan,2009,1095,9901591,11.05883,11.07398
Michigan,2010,1076,9883640,10.88668,10.95705
Michigan,2011,1156,9876187,11.70492,11.80337
Michigan,2012,1222,9883360,12.36422,12.29843
Michigan,2013,1190,9895622,12.02552,12.03507
Michigan,2014,1095,9909877,11.04958,11.10062
Michigan,2015,1164,9922576,11.73082,11.7167
Michigan,2016,1230,9928300,12.38883,12.34959
Minnesota,2001,324,4982796,6.50237,6.47755
Minnesota,2002,306,5018935,6.09691,6.06825
Minnesota,2003,332,5053572,6.56961,6.47914
Minnesota,2004,363,5087713,7.13484,7.07215
Minnesota,2005,361,5119598,7.05133,6.98173
Minnesota,2006,329,5163555,6.37158,6.36362
Minnesota,2007,344,5207203,6.60623,6.50069
Minnesota,2008,371,5247018,7.07068,6.98656
Minnesota,2009,336,5281203,6.36219,6.19868
Minnesota,2010,365,5303925,6.8817,6.75359
Minnesota,2011,396,5344861,7.40899,7.24238
Minnesota,2012,382,5379139,7.10151,6.94381
Minnesota,2013,427,5420380,7.87768,7.6474
Minnesota,2014,377,5457173,6.90834,6.6348
Minnesota,2015,410,5489594,7.46868,7.42606
Minnesota,2016,432,5519952,7.82616,7.62277
Mississippi,2001,502,2852994,17.59555,17.71667
Mississippi,2002,492,2858681,17.21073,17.34472
Mississippi,2003,477,2868312,16.62999,16.83283
Mississippi,2004,471,2889010,16.30316,16.41231
Mississippi,2005,455,2905943,15.65757,15.955
Mississippi,2006,475,2904978,16.35124,16.56662
Mississippi,2007,535,2928350,18.26967,18.30252
Mississippi,2008,568,2947806,19.26857,19.268
Mississippi,2009,487,2958774,16.45952,16.73345
Mississippi,2010,475,2967297,16.00783,16.09951
Mississippi,2011,530,2978512,17.79412,17.99001
Mississippi,2012,535,2984926,17.92339,18.33072
Mississippi,2013,525,2991207,17.55144,17.76819
Mississippi,2014,547,2994079,18.26939,18.31822
Mississippi,2015,589,2992333,19.68364,19.61134
Mississippi,2016,587,2988726,19.64048,19.91554
Missouri,2001,744,5641142,13.18882,13.13372
Missouri,2002,696,5674825,12.2647,12.22456
Missouri,2003,657,5709403,11.50733,11.47483
Missouri,2004,664,5747741,11.55236,11.47138
Missouri,2005,752,5790300,12.98724,12.92358
Missouri,2006,767,5842704,13.12748,13.07536
Missouri,2007,759,5887612,12.89147,12.7749
Missouri,2008,818,5923916,13.80843,13.75221
Missouri,2009,822,5961088,13.78943,13.72367
Missouri,2010,846,5988927,14.12607,13.99498
Missouri,2011,854,6010688,14.20802,14.01626
Missouri,2012,882,6021988,14.64633,14.57761
Missouri,2013,880,6044171,14.55948,14.36124
Missouri,2014,943,6063589,15.55185,15.26559
Missouri,2015,1094,6083672,17.98256,18.11203
Missouri,2016,1144,6093000,18.77564,18.98305
Montana,2001,160,906961,17.64133,17.6926
Montana,2002,134,911667,14.69835,14.58325
Montana,2003,145,919630,15.76721,15.62685
Montana,2004,125,930009,13.44073,13.10557
Montana,2005,161,940102,17.1258,16.87248
Montana,2006,120,952692,12.59589,12.40285
Montana,2007,139,964706,14.40853,13.66643
Montana,2008,155,976415,15.8744,15.68816
Montana,2009,166,983982,16.87023,15.90709
Montana,2010,164,989415,16.57545,15.43854
Montana,2011,167,998199,16.73013,16.41436
Montana,2012,171,1005141,17.01254,16.6358
Montana,2013,172,1015165,16.94306,16.68922
Montana,2014,172,1023579,16.80378,16.07672
Montana,2015,205,1032949,19.84609,19.2216
Montana,2016,194,1042520,18.60876,18.86899
Nebraska,2001,140,1719836,8.14031,8.12509
Nebraska,2002,140,1728292,8.10048,8.07381
Nebraska,2003,134,1738643,7.70716,7.63089
Nebraska,2004,119,1749370,6.80245,6.71769
Nebraska,2005,135,1761497,7.66394,7.65934
Nebraska,2006,141,1772693,7.954,7.65791
Nebraska,2007,142,1783440,7.96214,7.91206
Nebraska,2008,150,1796378,8.35014,8.30809
Nebraska,2009,132,1812683,7.28202,7.2989
Nebraska,2010,152,1826341,8.32265,8.23202
Nebraska,2011,161,1842641,8.73746,8.84677
Nebraska,2012,167,1855525,9.00015,9.063
Nebraska,2013,168,1868516,8.99109,9.02462
Nebraska,2014,179,1881503,9.51367,9.48007
Nebraska,2015,169,1896190,8.91261,8.89136
Nebraska,2016,171,1907116,8.96642,9.14693
Nevada,2001,345,2098399,16.44111,16.54697
Nevada,2002,370,2173791,17.02096,17.15582
Nevada,2003,374,2248850,16.63072,17.09455
Nevada,2004,392,2346222,16.70771,16.79347
Nevada,2005,390,2432143,16.03524,16.12486
Nevada,2006,405,2522658,16.05449,16.29792
Nevada,2007,414,2601072,15.91651,15.93388
Nevada,2008,404,2653630,15.22443,15.13324
Nevada,2009,406,2684665,15.12293,15.06718
Nevada,2010,395,2700551,14.62664,14.47942
Nevada,2011,376,2723322,13.80667,13.66513
Nevada,2012,360,2758931,13.04853,12.79996
Nevada,2013,395,2790136,14.15702,13.78444
Nevada,2014,429,2839099,15.11043,14.80602
Nevada,2015,446,2890845,15.42801,14.88156
Nevada,2016,498,2940058,16.93844,16.79679
New Hampshire,2001,91,1255517,7.24801,7.25448
New Hampshire,2002,76,1269089,5.98855,5.89964
New Hampshire,2003,89,1279840,6.95399,6.76979
New Hampshire,2004,69,1290121,5.34834,5.02243
New Hampshire,2005,88,1298492,6.77709,6.60662
New Hampshire,2006,82,1308389,6.26725,6.17034
New Hampshire,2007,78,1312540,5.94268,5.5567
New Hampshire,2008,93,1315906,7.06737,6.74936
New Hampshire,2009,89,1316102,6.76239,6.32025
New Hampshire,2010,118,1316470,8.96336,8.22042
New Hampshire,2011,92,1318194,6.97925,6.41663
New Hampshire,2012,117,1320718,8.85882,8.12889
New Hampshire,2013,93,1323459,7.02704,6.44705
New Hampshire,2014,122,1326813,9.19497,8.67795
New Hampshire,2015,121,1330608,9.09359,8.94849
New Hampshire,2016,132,1334795,9.88916,9.33222
New Jersey,2001,370,8492671,4.3567,4.40847
New Jersey,2002,415,8552643,4.8523,4.85588
New Jersey,2003,458,8601402,5.32471,5.40975
New Jersey,2004,454,8634561,5.25794,5.36845
New Jersey,2005,434,8651974,5.0162,5.15592
New Jersey,2006,492,8661679,5.68019,5.80236
New Jersey,2007,446,8677885,5.1395,5.22338
New Jersey,2008,429,8711090,4.92476,4.95646
New Jersey,2009,411,8755602,4.69414,4.71246
New Jersey,2010,456,8791894,5.1866,5.20969
New Jersey,2011,482,8821155,5.46414,5.56399
New Jersey,2012,444,8864590,5.00869,5.08232
New Jersey,2013,506,8899339,5.68582,5.73882
New Jersey,2014,468,8938175,5.23597,5.32759
New Jersey,2015,475,8958013,5.30252,5.36557
New Jersey,2016,485,8944469,5.42235,5.49664
New Mexico,2001,274,1831690,14.95886,15.26559
New Mexico,2002,304,1855309,16.38541,16.60851
New Mexico,2003,326,1877574,17.36283,17.48245
New Mexico,2004,289,1903808,15.1801,15.1501
New Mexico,2005,267,1932274,13.81792,13.86661
New Mexico,2006,283,1962137,14.42305,14.49926
New Mexico,2007,295,1990070,14.8236,14.92208
New Mexico,2008,294,2010662,14.62205,14.6635
New Mexico,2009,299,2036802,14.67988,14.50949
New Mexico,2010,301,2059179,14.61748,14.88422
New Mexico,2011,306,2082224,14.69583,14.79748
New Mexico,2012,323,2085538,15.48761,15.47789
New Mexico,2013,326,2085287,15.63334,15.48668
New Mexico,2014,340,2085572,16.30248,15.95167
New Mexico,2015,390,2085109,18.70406,18.55905
New Mexico,2016,383,2081015,18.40448,18.14421
New York,2001,1068,19082838,5.59665,5.54519
New York,2002,994,19137800,5.19391,5.13585
New York,2003,1034,19175939,5.39217,5.33376
New York,2004,951,19171567,4.96047,4.91037
New York,2005,1019,19132610,5.32599,5.2562
New York,2006,1002,19104631,5.2448,5.16044
New York,2007,985,19132335,5.14835,5.0532
New York,2008,963,19212436,5.01238,4.93511
New York,2009,958,19307066,4.96191,4.81372
New York,2010,1011,19378102,5.21723,5.09477
New York,2011,997,19465197,5.12196,4.9817
New York,2012,977,19570261,4.99227,4.84153
New York,2013,863,19651127,4.39161,4.19376
New York,2014,875,19746227,4.43123,4.24263
New York,2015,849,19795791,4.28879,4.15027
New York,2016,900,19745289,4.55805,4.4371
North Carolina,2001,1093,8210122,13.31284,13.14374
North Carolina,2002,1136,8326201,13.64368,13.49891
North Carolina,2003,1055,8422501,12.52597,12.38979
North Carolina,2004,1055,8553152,12.33463,12.26322
North Carolina,2005,1119,8705407,12.85408,12.77464
North Carolina,2006,1133,8917270,12.70568,12.5938
North Carolina,2007,1116,9118037,12.23948,12.18781
North Carolina,2008,1160,9309449,12.46046,12.35961
North Carolina,2009,1112,9449566,11.76774,11.6042
North Carolina,2010,1123,9535483,11.77706,11.58815
North Carolina,2011,1154,9656401,11.95062,11.79144
North Carolina,2012,1175,9752073,12.04872,11.78236
North Carolina,2013,1223,9848060,12.41869,12.14308
North Carolina,2014,1206,9943964,12.12796,11.79078
North Carolina,2015,1289,10042802,12.83506,12.54537
North Carolina,2016,1409,10146788,13.88617,13.69794
North Dakota,2001,47,639062,7.35453,7.56216
North Dakota,2002,58,638168,9.08852,9.12387
North Dakota,2003,58,638817,9.07928,8.90551
North Dakota,2004,50,644705,7.75549,7.62157
North Dakota,2005,61,646089,9.44142,8.829
North Dakota,2006,46,649422,7.08322,6.50356
North Dakota,2007,57,652822,8.73132,8.409
North Dakota,2008,59,657569,8.97244,8.54623
North Dakota,2009,59,664968,8.87261,8.91246
North Dakota,2010,65,672591,9.66412,9.47907
North Dakota,2011,61,683932,8.91902,8.76256
North Dakota,2012,73,699628,10.43412,10.50266
North Dakota,2013,86,723393,11.88842,11.84983
North Dakota,2014,96,739482,12.98206,12.29423
North Dakota,2015,92,756927,12.15441,12.83508
North Dakota,2016,90,757952,11.8741,11.86531
Ohio,2001,1029,11387404,9.0363,8.99706
Ohio,2002,1069,11407889,9.37071,9.33053
Ohio,2003,934,11434788,8.16806,8.13905
Ohio,2004,1036,11452251,9.04626,8.99556
Ohio,2005,1116,11463320,9.7354,9.63416
Ohio,2006,1114,11481213,9.70281,9.66079
Ohio,2007,1105,11500468,9.6083,9.59217
Ohio,2008,1115,11515391,9.68269,9.68209
Ohio,2009,991,11528896,8.59579,8.48779
Ohio,2010,1148,11536504,9.95102,9.94931
Ohio,2011,1227,11544951,10.62802,10.541
Ohio,2012,1263,11544225,10.94054,10.85847
Ohio,2013,1289,11570808,11.1401,11.02597
Ohio,2014,1211,11594163,10.44491,10.30845
Ohio,2015,1397,11613423,12.02918,11.91745
Ohio,2016,1524,11614373,13.12167,12.9177
Oklahoma,2001,489,3467100,14.10401,14.00699
Oklahoma,2002,452,3489080,12.9547,12.85006
Oklahoma,2003,449,3504892,12.81067,12.8481
Oklahoma,2004,457,3525233,12.96368,12.92026
Oklahoma,2005,468,3548597,13.18831,13.17701
Oklahoma,2006,482,3594090,13.41091,13.3723
Oklahoma,2007,482,3634349,13.26235,13.20367
Oklahoma,2008,513,3668976,13.9821,13.9587
Oklahoma,2009,533,3717572,14.33731,14.401
Oklahoma,2010,538,3751351,14.3415,14.35391
Oklahoma,2011,628,3791508,16.56333,16.57127
Oklahoma,2012,619,3814820,16.22619,16.25782
Oklahoma,2013,632,3850568,16.41316,16.46159
Oklahoma,2014,611,3878051,15.75534,15.69611
Oklahoma,2015,706,3911338,18.05009,17.97616
Oklahoma,2016,766,3923561,19.52308,19.63201
Oregon,2001,358,3467937,10.32314,10.16799
Oregon,2002,374,3513424,10.64489,10.49554
Oregon,2003,395,3547376,11.13499,10.73223
Oregon,2004,385,3569463,10.78594,10.40091
Oregon,2005,402,3613202,11.12587,10.71867
Oregon,2006,384,3670883,10.4607,10.16393
Oregon,2007,387,3722417,10.39647,9.93
Oregon,2008,385,3768748,10.21559,9.72105
Oregon,2009,417,3808600,10.94891,10.35075
Oregon,2010,458,3831074,11.95487,11.36807
Oregon,2011,420,3871859,10.8475,10.4955
Oregon,2012,443,3899353,11.36086,10.84213
Oregon,2013,462,3930065,11.75553,11.03426
Oregon,2014,497,3970239,12.51814,11.6551
Oregon,2015,486,4028977,12.06262,11.37295
Oregon,2016,513,4093465,12.53217,11.85352
Pennsylvania,2001,1172,12298970,9.52925,9.4882
Pennsylvania,2002,1220,12331031,9.89374,9.94824
Pennsylvania,2003,1230,12374658,9.93967,9.88916
Pennsylvania,2004,1270,12410722,10.23309,10.20341
Pennsylvania,2005,1352,12449990,10.85945,10.78504
Pennsylvania,2006,1371,12510809,10.95852,10.90287
Pennsylvania,2007,1325,12563937,10.54606,10.54007
Pennsylvania,2008,1345,12612285,10.66421,10.52116
Pennsylvania,2009,1349,12666858,10.64984,10.40007
Pennsylvania,2010,1307,12702379,10.28941,10.1215
Pennsylvania,2011,1438,12742886,11.28473,11.06625
Pennsylvania,2012,1453,12763536,11.38399,11.17095
Pennsylvania,2013,1451,12773801,11.35919,11.17129
Pennsylvania,2014,1390,12787209,10.87024,10.46723
Pennsylvania,2015,1485,12802503,11.59929,11.39871
Pennsylvania,2016,1555,12784227,12.16343,11.956
Rhode Island,2001,46,1057142,4.35135,4.27055
Rhode Island,2002,55,1065995,5.1595,5.10581
Rhode Island,2003,35,1071342,3.26693,3.12445
Rhode Island,2004,41,1074579,3.81545,3.63491
Rhode Island,2005,39,1067916,3.65197,3.56685
Rhode Island,2006,47,1063096,4.42105,4.24532
Rhode Island,2007,37,1057315,3.49943,3.434
Rhode Island,2008,44,1055003,4.1706,3.90813
Rhode Island,2009,56,1053646,5.31488,4.98585
Rhode Island,2010,49,1052567,4.65529,4.59699
Rhode Island,2011,33,1051302,3.13896,2.97033
Rhode Island,2012,42,1050292,3.99889,4.13405
Rhode Island,2013,56,1051511,5.32567,5.25232
Rhode Island,2014,34,1055173,3.22222,2.96876
Rhode Island,2015,51,1056298,4.82818,4.65836
Rhode Island,2016,49,1056426,4.63828,4.11776
South Carolina,2001,564,4064995,13.87456,13.78034
South Carolina,2002,566,4107795,13.77868,13.75241
South Carolina,2003,593,4150297,14.28813,14.17956
South Carolina,2004,574,4210921,13.63122,13.54993
South Carolina,2005,589,4270150,13.79343,13.76525
South Carolina,2006,616,4357847,14.13542,13.9281
South Carolina,2007,592,4444110,13.321,13.10788
South Carolina,2008,615,4528996,13.57917,13.27579
South Carolina,2009,634,4589872,13.81302,13.53662
South Carolina,2010,648,4625364,14.00971,13.9545
South Carolina,2011,705,4679230,15.06658,14.84639
South Carolina,2012,743,4723723,15.72912,15.29144
South Carolina,2013,745,4774839,15.60262,15.18865
South Carolina,2014,767,4832482,15.87176,15.54277
South Carolina,2015,850,4896146,17.36059,17.29101
South Carolina,2016,891,4961119,17.95966,17.661
South Dakota,2001,54,757972,7.12427,7.09622
South Dakota,2002,61,760020,8.0261,7.88068
South Dakota,2003,76,763729,9.95117,9.90606
South Dakota,2004,77,770396,9.99486,10.02613
South Dakota,2005,82,775493,10.57392,10.23571
South Dakota,2006,77,783033,9.83356,9.72277
South Dakota,2007,52,791623,6.56878,6.1847
South Dakota,2008,83,799124,10.38637,10.55315
South Dakota,2009,75,807067,9.29291,9.35408
South Dakota,2010,75,814180,9.21172,9.18659
South Dakota,2011,71,824082,8.61565,8.44687
South Dakota,2012,84,833354,10.07975,9.54535
South Dakota,2013,80,844877,9.46883,9.97915
South Dakota,2014,89,853175,10.43162,10.33339
South Dakota,2015,96,858469,11.1827,11.05465
South Dakota,2016,108,865454,12.479,13.37882
Tennessee,2001,845,5750789,14.69364,14.5273
Tennessee,2002,905,5795918,15.61444,15.45901
Tennessee,2003,837,5847812,14.31305,14.17796
Tennessee,2004,869,5910809,14.70188,14.55009
Tennessee,2005,976,5991057,16.29095,16.03268
Tennessee,2006,943,6088766,15.48754,15.3358
Tennessee,2007,924,6175727,14.9618,14.75063
Tennessee,2008,985,6247411,15.76653,15.49686
Tennessee,2009,966,6306019,15.3187,15.11798
Tennessee,2010,932,6346105,14.68617,14.39483
Tennessee,2011,948,6403353,14.80474,14.42499
Tennessee,2012,995,6456243,15.41144,15.00869
Tennessee,2013,1030,6495978,15.85597,15.41901
Tennessee,2014,1016,6549352,15.51299,15.14152
Tennessee,2015,1075,6600299,16.28714,15.98463
Tennessee,2016,1148,6651194,17.26006,17.06883
Texas,2001,2350,21319622,11.02271,11.22991
Texas,2002,2301,21690325,10.60842,10.85719
Texas,2003,2432,22030931,11.03903,11.24734
Texas,2004,2342,22394023,10.45815,10.68619
Texas,2005,2490,22778123,10.93154,11.12242
Texas,2006,2422,23359580,10.36834,10.51926
Texas,2007,2561,23831983,10.74606,10.89926
Texas,2008,2598,24309039,10.68738,10.83253
Texas,2009,2691,24801761,10.85004,11.00615
Texas,2010,2714,25145561,10.79316,10.95712
Texas,2011,2599,25674681,10.12281,10.28825
Texas,2012,2743,26059203,10.52603,10.67651
Texas,2013,2778,26448193,10.50355,10.59568
Texas,2014,2848,26956958,10.56499,10.67232
Texas,2015,3203,27469114,11.66037,11.74396
Texas,2016,3353,27862596,12.03405,12.11084
Utah,2001,229,2283715,10.02752,10.95653
Utah,2002,207,2324815,8.90393,9.66496
Utah,2003,230,2360137,9.7452,10.53757
Utah,2004,225,2401580,9.36883,10.15779
Utah,2005,227,2457719,9.23621,10.05508
Utah,2006,224,2525507,8.86951,9.83412
Utah,2007,253,2597746,9.73921,10.66604
Utah,2008,238,2663029,8.93719,9.71207
Utah,2009,260,2723421,9.54682,10.41535
Utah,2010,314,2763885,11.36082,12.22948
Utah,2011,308,2817222,10.93276,12.09834
Utah,2012,324,2855287,11.34737,12.40998
Utah,2013,339,2900872,11.68614,12.63368
Utah,2014,337,2942902,11.45128,12.34779
Utah,2015,367,2995919,12.25,12.79491
Utah,2016,370,3051217,12.12631,12.93722
Vermont,2001,51,612223,8.3303,8.13698
Vermont,2002,62,615442,10.07406,9.6702
Vermont,2003,48,617858,7.76878,7.59257
Vermont,2004,61,619920,9.83998,9.46437
Vermont,2005,44,621215,7.08289,6.7828
Vermont,2006,54,622892,8.66924,8.08168
Vermont,2007,52,623481,8.34027,8.15444
Vermont,2008,54,624151,8.65175,8.12254
Vermont,2009,60,624817,9.60281,8.87006
Vermont,2010,70,625741,11.18674,10.27986
Vermont,2011,78,626431,12.45149,11.67661
Vermont,2012,56,626011,8.94553,8.72391
Vermont,2013,65,626630,10.37295,9.23992
Vermont,2014,69,626562,11.01248,10.30216
Vermont,2015,70,626042,11.18136,9.61246
Vermont,2016,78,624594,12.48811,11.14789
Virginia,2001,771,7198362,10.71077,10.63115
Virginia,2002,806,7286873,11.06099,11.01954
Virginia,2003,811,7366977,11.00859,10.89316
Virginia,2004,817,7475575,10.92893,10.85723
Virginia,2005,888,7577105,11.71952,11.51366
Virginia,2006,816,7673725,10.63369,10.41041
Virginia,2007,825,7751000,10.64379,10.43322
Virginia,2008,817,7833496,10.42957,10.19042
Virginia,2009,836,7925937,10.54765,10.28049
Virginia,2010,875,8001024,10.9361,10.75931
Virginia,2011,868,8096604,10.72054,10.48481
Virginia,2012,840,8185867,10.26159,10.07836
Virginia,2013,864,8260405,10.45954,10.16456
Virginia,2014,889,8326289,10.67703,10.31026
Virginia,2015,946,8382993,11.28475,10.90596
Virginia,2016,1049,8411808,12.47057,12.0852
Washington,2001,510,5985722,8.52028,8.55273
Washington,2002,568,6052349,9.38479,9.39004
Washington,2003,565,6104115,9.25605,9.18275
Washington,2004,569,6178645,9.20914,9.18741
Washington,2005,567,6257305,9.06141,8.84294
Washington,2006,546,6370753,8.57042,8.40769
Washington,2007,548,6461587,8.48089,8.33263
Washington,2008,587,6562231,8.94513,8.73228
Washington,2009,623,6667426,9.34394,9.14111
Washington,2010,609,6724540,9.05638,8.90068
Washington,2011,624,6830038,9.13611,8.8283
Washington,2012,681,6897012,9.87384,9.59823
Washington,2013,632,6971406,9.0656,8.72409
Washington,2014,702,7061530,9.94119,9.69794
Washington,2015,718,7170351,10.01346,9.80322
Washington,2016,686,7288000,9.41273,8.99516
West Virginia,2001,251,1801481,13.93298,13.13813
West Virginia,2002,271,1805414,15.01041,14.76456
West Virginia,2003,265,1812295,14.62234,14.05994
West Virginia,2004,253,1816438,13.92836,13.60053
West Virginia,2005,261,1820492,14.33678,13.79361
West Virginia,2006,253,1827912,13.84093,13.21434
West Virginia,2007,267,1834052,14.55793,14.13582
West Virginia,2008,239,1840310,12.98694,12.60285
West Virginia,2009,251,1847775,13.5839,13.09873
West Virginia,2010,273,1852994,14.73291,14.10945
West Virginia,2011,278,1855364,14.98358,14.45158
West Virginia,2012,278,1855413,14.98319,14.88464
West Virginia,2013,280,1854304,15.10001,14.32113
West Virginia,2014,286,1850326,15.45674,14.59208
West Virginia,2015,278,1844128,15.07488,14.0237
West Virginia,2016,332,1831102,18.13116,17.47411
Wisconsin,2001,475,5406835,8.78518,8.69317
Wisconsin,2002,446,5445162,8.19076,8.09739
Wisconsin,2003,468,5479203,8.54139,8.42316
Wisconsin,2004,413,5514026,7.48999,7.39733
Wisconsin,2005,474,5546166,8.54644,8.53165
Wisconsin,2006,424,5577655,7.60176,7.56242
Wisconsin,2007,488,5610775,8.69755,8.57031
Wisconsin,2008,443,5640996,7.85322,7.74304
Wisconsin,2009,457,5669264,8.06101,7.93436
Wisconsin,2010,501,5686986,8.80959,8.59448
Wisconsin,2011,445,5711767,7.79093,7.68454
Wisconsin,2012,483,5726398,8.43462,8.34135
Wisconsin,2013,570,5742713,9.92562,9.68392
Wisconsin,2014,487,5757564,8.45844,8.21051
Wisconsin,2015,613,5771337,10.62146,10.36625
Wisconsin,2016,664,5778708,11.49046,11.42721
Wyoming,2001,70,494657,14.15122,13.9559
Wyoming,2002,95,500017,18.99935,18.87897
Wyoming,2003,89,503453,17.67792,17.52077
Wyoming,2004,56,509106,10.99967,11.00149
Wyoming,2005,71,514157,13.80901,13.43823
Wyoming,2006,80,522667,15.30611,14.9745
Wyoming,2007,76,534876,14.2089,14.7008
Wyoming,2008,93,546043,17.03163,16.778
Wyoming,2009,96,559851,17.14742,17.63991
Wyoming,2010,92,563626,16.32288,15.59145
Wyoming,2011,96,568158,16.89671,16.78016
Wyoming,2012,117,576412,20.29798,20.08951
Wyoming,2013,102,582658,17.50598,16.71292
Wyoming,2014,93,584153,15.92049,16.21526
Wyoming,2015,113,586107,19.27976,19.63958
Wyoming,2016,101,585501,17.25018,17.37484
